file,ssi,hash,cor,chi,inter,bha,TF
0.jpg,1,0,1,0,3.178805008,0,
1.jpg,0.474406824,16,0.141343323,246.6933696,1.103139614,0.650420479,1
2.jpg,0.556222589,28,0.786091647,58.64837736,1.310997855,0.608285444,0
3.jpg,0.706947412,8,0.060849197,325.568166,0.786159509,0.67623508,1
4.jpg,0.453436207,30,0.029999878,2113.314733,0.241665893,0.896384523,0
5.jpg,0.426621386,34,0.398056184,11.97109469,0.937546974,0.554434523,1
6.jpg,0.513067391,20,0.193188418,6.676113551,0.50375478,0.741256411,1
7.jpg,0.271906712,28,0.009264979,8511.215374,0.852882434,0.852725535,0
8.jpg,0.337705812,20,0.248220636,335.3132404,1.427884973,0.622188144,1
9.jpg,0.507415278,6,0.088963363,342.5560571,1.09208921,0.658903973,1
10.jpg,0.323642394,32,0.190867689,49.83155828,0.507540524,0.771817262,0
11.jpg,0.531839308,34,0.191759684,7.692788736,0.338879702,0.790960359,0
12.jpg,0.403671386,30,0.077054819,673.5833681,0.464944255,0.788560989,0
13.jpg,0.462032315,16,0.053957644,46922.74569,0.662782805,0.832645078,1
14.jpg,0.346114301,28,0.065680302,350.7675959,0.583236763,0.743083395,0
15.jpg,0.288441724,32,-0.000816358,29490.58654,0.407085962,0.907507976,0
16.jpg,0.450774351,32,0.133505288,8565.983156,0.509691377,0.837484648,0
17.jpg,0.367678182,22,0.061875524,93452.71271,0.558054109,0.905214062,1
18.jpg,0.431369255,36,0.254567983,8.426152057,0.638086054,0.625598306,1
19.jpg,0.280424031,32,0.053957096,62084.98575,0.574839621,0.873449033,0
20.jpg,0.272539275,24,0.060184129,3197.608228,0.56151521,0.847239501,0
21.jpg,0.26948101,30,0.190395646,117.9556238,0.478207611,0.788516671,0
22.jpg,0.158093783,32,0.210334354,541.7867882,0.948522872,0.714974645,0
23.jpg,0.305749895,30,0.213383767,17.97114522,0.896745432,0.630777642,1
24.jpg,0.432920435,20,0.192648777,13.13866379,0.564218206,0.736893705,0
25.jpg,0.130902495,40,0.188685743,601.368305,0.471191611,0.801300209,1
26.jpg,0.25280262,28,0.033913728,31645.98698,0.863659597,0.834988063,0
27.jpg,0.262353562,28,0.099160359,13772.90871,0.536889575,0.878675921,0
28.jpg,0.530081471,12,0.031831838,12031.40781,0.751087193,0.842683666,0
29.jpg,,,,,,,0
30.jpg,0.442351148,16,-0.000563968,20121.88414,0.332391958,0.902106986,0
31.jpg,0.49910849,36,0.016744962,11069.54213,0.330932126,0.83742559,0
32.jpg,0.339160787,30,-0.000285387,15513.43646,0.338516479,0.898222548,0
33.jpg,0.333580644,20,0.179628483,438.8610444,0.75944889,0.749725476,1
34.jpg,0.243667324,30,0.190918768,6.071843402,0.297934708,0.818440759,0
35.jpg,0.442024698,32,0.190745332,7.838723284,0.249226888,0.843402645,0
36.jpg,0.392745329,34,-0.000493781,5185.18144,0.148208417,0.938268483,0
37.jpg,0.407397711,32,0.192703737,6.064437768,0.417279257,0.765166582,0
38.jpg,0.527211345,34,0.011469043,337.5506724,0.105251715,0.93307247,0
39.jpg,0.288341428,28,0.192296679,28.81476702,0.56902401,0.746769141,0
40.jpg,0.497488946,30,0.175580552,149.3621913,0.500766913,0.765772474,0
41.jpg,0.207922594,32,0.187065428,1078.882717,0.6243505,0.815577678,0
42.jpg,0.399551916,30,0.000980135,645.9392905,0.207214092,0.911733195,0
43.jpg,0.422612244,36,0.191043565,5.909556791,0.282483696,0.816598769,0
44.jpg,0.192127181,36,0.005731923,71855.81911,0.5013283,0.898281031,0
45.jpg,0.180167025,30,0.105167067,2738.732185,1.078262849,0.738170278,1
46.jpg,0.23978486,30,0.114946885,1788.534012,1.351497786,0.703822002,1
47.jpg,0.332167512,30,0.190856179,6.225374469,0.263894148,0.840955526,0
48.jpg,0.524439818,32,0.192955755,6.325732592,0.392370364,0.750031578,0
49.jpg,0.361498774,22,0.009522305,16107.48463,0.617156285,0.834069908,0
50.jpg,0.300122831,24,0.191675607,12.17048381,0.423030261,0.778546674,0
51.jpg,0.432380045,34,0.188315942,48.59996296,0.467999442,0.76810484,0
52.jpg,0.292503997,28,0.17733583,2531.116307,0.458249562,0.840753118,0
53.jpg,0.42223165,18,0.027448044,530.84557,0.845968461,0.741612491,1
54.jpg,0.525622957,30,0.190833291,27.54549171,0.28386213,0.830354004,0
55.jpg,0.591431073,12,0.038374167,62047.06216,0.970122417,0.812980089,1
56.jpg,0.518910588,24,-0.000581831,8920.519769,0.089807914,0.936140547,0
57.jpg,0.37788752,32,0.190408057,87.69456631,0.512414385,0.766867226,0
58.jpg,0.379762611,20,0.19177326,34.19676447,0.455831851,0.77179145,0
59.jpg,0.465309575,30,0.195797249,9.821164201,0.533145614,0.708120571,0
60.jpg,0.231356124,32,0.195161977,1486.305298,0.633476967,0.773084339,0
61.jpg,0.490472152,28,0.006917653,15.2094714,0.077182857,0.947973947,0
62.jpg,0.173662594,28,0.17842229,1306.297984,0.382405826,0.841190132,0
63.jpg,0.074628337,32,0.000629951,1067.717687,0.105867275,0.941457727,0
64.jpg,0.320190561,26,0.189776028,24.52891902,0.318009671,0.819223041,0
65.jpg,0.434778802,26,0.190466899,81.86617147,0.371169051,0.801507916,0
66.jpg,0.468677976,30,0.191017386,6.381393263,0.354292251,0.795416013,0
67.jpg,0.48128874,30,0.189634403,28.78029606,0.236510125,0.860790794,0
68.jpg,0.431957627,30,0.191078583,5.958251333,0.235710039,0.85340414,0
69.jpg,0.525665415,32,0.193402997,6.714548112,0.402152343,0.740888498,0
70.jpg,0.508812827,32,0.185387451,64.50904611,0.329044639,0.820489039,0
71.jpg,0.337713038,32,0.190180715,37.18628307,0.285974299,0.855783577,0
72.jpg,0.096567434,40,0.017657175,45830.9148,0.315816209,0.873848557,0
73.jpg,0.269811558,24,0.172300257,1242.20607,0.775659115,0.740457788,1
74.jpg,0.395402041,26,0.191696597,16.04336864,0.433783985,0.787817138,0
75.jpg,0.312162893,38,-0.002497365,1084.584757,0.148253418,0.955378058,0
76.jpg,0.250523784,36,0.209033074,1252.17895,1.343477851,0.69192318,1
77.jpg,0.367941114,30,0.246193356,29.35411075,0.776596666,0.635869485,1
78.jpg,0.197431208,28,0.067493072,7098.749561,0.704471161,0.831733195,0
79.jpg,0.234437167,32,0.08434882,8909.026653,0.553890846,0.873736324,0
80.jpg,0.339340293,34,0.213457795,144.9186263,0.942951793,0.675559979,1
81.jpg,0.180754832,32,0.000796087,517.1692414,0.311925338,0.900272663,0
82.jpg,0.428887277,20,0.177997984,730.3023414,0.275791158,0.864092297,1
83.jpg,0.278954184,30,0.201488283,129.5284356,0.750565395,0.707444445,1
84.jpg,0.143886217,32,0.18787228,564.6999394,0.726901006,0.789072709,0
85.jpg,0.345641353,26,0.190967854,8.357475965,0.344838509,0.816058495,0
86.jpg,0.186055885,30,0.001210328,21622.78319,0.445541926,0.878512174,0
87.jpg,0.27148164,32,0.180971475,157.0538255,0.365147885,0.834957652,0
88.jpg,0.272103615,34,0.675388553,1499.38308,2.068978511,0.60471588,1
89.jpg,0.3067594,30,0.207433711,26.14156797,0.842295909,0.66208608,0
90.jpg,0.302819933,32,0.191844135,8.754150823,0.538734843,0.742655649,0
91.jpg,0.092052171,34,0.001415377,1281.592588,0.11998267,0.97331217,0
92.jpg,0.543021378,24,0.191950221,9.859822563,0.330165028,0.799543109,0
93.jpg,0.33062425,30,0.191912075,8.283968145,0.489103078,0.743887508,0
94.jpg,0.500271434,28,0.031757138,991.9030559,0.554013322,0.79435794,0
95.jpg,0.25457977,30,0.12150743,7522.15503,0.624826768,0.838397657,0
96.jpg,0.475955063,36,0.874533714,162.549622,1.246479834,0.5927734,0
97.jpg,0.147141591,30,0.026127261,126792.4955,0.815261189,0.854748061,0
98.jpg,0.512373402,34,0.18754881,379.8684114,0.257385749,0.849989056,0
99.jpg,0.16537349,32,0.205699207,2519.313713,1.019774458,0.715704778,1
100.jpg,0.258006415,22,0.178461865,2720.787402,0.54152569,0.831378772,0
101.jpg,0.198881535,34,0.026454781,50695.14058,0.78110961,0.840275043,0
102.jpg,0.298568753,26,0.374799243,4479.259706,1.342635841,0.697619448,1
103.jpg,0.443229988,28,0.186062378,168.6065906,0.351173549,0.828601495,0
104.jpg,0.44006583,30,0.171397696,41.67571245,0.416938086,0.825640298,0
105.jpg,0.350647816,26,0.153187426,1038.597387,0.483196311,0.819418522,0
106.jpg,0.332000086,28,0.191319846,5.622944174,0.336998971,0.776856846,0
107.jpg,0.491269398,26,0.190901933,7.686622617,0.327207225,0.808351832,0
108.jpg,0.422568365,30,0.190979374,8.707055707,0.343284995,0.8149724,0
109.jpg,0.471968064,28,0.19678376,7.553310927,0.557336177,0.699539428,0
110.jpg,0.515771361,34,0.190886686,5.67651537,0.222335353,0.857631911,0
111.jpg,0.446621905,22,0.004111947,15038.25162,0.327119052,0.886222239,0
112.jpg,0.128611915,26,0.185041234,2265.049833,0.511014169,0.832432315,0
113.jpg,0.207695708,34,0.136507306,20846.58046,0.414841952,0.886799728,0
114.jpg,0.532845856,28,0.171515724,1300.524206,0.310606409,0.854047264,0
115.jpg,0.32619762,36,0.016667355,19313.98244,0.52734013,0.858655539,0
116.jpg,0.169778296,36,0.108586947,42944.92274,1.44663048,0.764994782,1
117.jpg,0.35986604,22,0.01415472,2090.101295,0.441892055,0.850376371,1
118.jpg,0.416768388,32,0.191012892,7.405162713,0.399573334,0.778355147,0
119.jpg,0.038524854,32,0.189419914,459.0832726,0.526483221,0.823451815,0
120.jpg,0.384511244,28,0.150705276,1289.766044,0.328334216,0.87397972,0
121.jpg,0.206911066,30,0.016644693,56229.70554,0.636613851,0.911617904,0
122.jpg,0.405844758,30,0.061642971,41882.68163,0.920930915,0.820711204,0
123.jpg,0.180517699,34,0.141117002,3699.908037,0.925319032,0.758970283,0
124.jpg,0.334646875,22,0.026481286,144866.0079,0.505554332,0.913170534,0
125.jpg,0.384236224,34,-0.003329945,78213.03136,0.245059375,0.936325718,0
126.jpg,0.31050614,34,0.191046096,81.95196394,0.468922836,0.777219309,0
127.jpg,0.165504238,32,0.191728308,24.91378076,0.439467713,0.753380229,0
128.jpg,0.52507195,28,0.031239826,3006.643984,0.610303601,0.784970402,0
129.jpg,0.073907622,42,0.190801176,12.52021723,0.340553897,0.813447982,0
130.jpg,0.447219712,26,0.190886686,5.67651537,0.222335353,0.857631911,0
131.jpg,0.276710886,34,0.04147621,78301.20854,0.786590568,0.873625631,0
132.jpg,0.271502294,34,0.062883453,2455.086837,0.547673647,0.796352962,0
133.jpg,0.18788771,34,0.00066874,21991.26194,0.456551009,0.879094055,0
134.jpg,0.375789032,34,0.111818758,2967.486117,0.512679503,0.842598835,0
135.jpg,0.308428971,32,0.023199724,5469.18895,0.415416401,0.872919246,0
136.jpg,0.436509741,28,0.204990866,25.45534832,0.582765795,0.688799593,1
137.jpg,0.542045717,22,0.195857377,16.09345717,0.459776631,0.757363619,0
138.jpg,0.225980282,38,-0.002519742,25949.11265,0.045785234,0.970799654,0
139.jpg,0.003590023,40,0.190886677,5.676487796,0.222349589,0.857614451,0
140.jpg,0.349619216,34,0.191000083,6.408765025,0.3686621,0.784556194,0
141.jpg,0.512649432,38,0.022741664,44201.65389,0.131593635,0.950513717,0
142.jpg,0.476007876,30,0.002476162,1964.164447,0.124946727,0.922055979,0
143.jpg,0.385844368,26,0.190273575,50.81159339,0.455025852,0.782986154,0
144.jpg,0.38515793,32,0.028763962,705.739951,0.444374516,0.820682358,0
145.jpg,0.358993368,20,0.067980693,3248.978096,0.491322279,0.823864176,0
146.jpg,0.464136838,36,0.189498062,34.03489897,0.418807468,0.803232339,0
147.jpg,0.363512112,28,0.190886686,5.67651537,0.222335353,0.857631911,0
148.jpg,0.267130036,32,0.054098235,39374.09311,0.861787686,0.83163418,0
149.jpg,0.288513251,30,0.012739901,98912.54192,0.617678812,0.888933056,0
150.jpg,0.214328249,36,0.020326776,298.2847763,0.252064557,0.867411012,0
151.jpg,0.459164405,22,0.189661994,12.92575957,0.286528919,0.829988438,0
152.jpg,0.281249977,40,0.008131272,21781.82928,0.759331688,0.853931759,0
153.jpg,0.277086475,36,0.191654917,17.87819255,0.340668683,0.808797061,0
154.jpg,0.520741742,32,0.190886686,5.67651537,0.222335353,0.857631911,0
155.jpg,0.247990481,34,0.025742268,11236.94861,0.725891236,0.819373612,0
156.jpg,0.477070468,26,0.19286852,92.02274236,0.60702387,0.724703061,1
157.jpg,0.472603753,32,0.190895591,5.692271965,0.247600158,0.841919608,0
158.jpg,0.381694896,38,0.182474172,124.9322984,0.249575259,0.867910203,0
159.jpg,0.462962322,36,0.190498292,166.4064135,0.279667016,0.824872294,0
160.jpg,0.068174456,36,0.199903018,49.45821162,0.656311676,0.699731892,1
161.jpg,0.453117916,22,0.161938299,692.2637499,0.50425076,0.797244709,0
162.jpg,0.107305971,38,0.191045052,6.648966327,0.308123448,0.818742204,0
163.jpg,0.417702827,28,0.002703904,63194.97313,0.630881071,0.888209686,0
164.jpg,0.225054645,30,0.037399654,20088.12959,0.771371737,0.839505764,0
165.jpg,0.255983973,30,0.008119454,49146.9736,0.703795316,0.873442593,0
166.jpg,0.187017122,32,0.646133015,245.5383829,1.780443717,0.623715661,1
167.jpg,0.459821121,34,0.014403135,62534.15283,0.309749597,0.898203861,0
168.jpg,0.320283598,36,0.021388748,17664.06437,0.524159562,0.866051348,0
169.jpg,0.46503944,30,0.032400891,3757.860958,0.422697454,0.888039825,0
170.jpg,0.346537026,34,-0.001448838,34489.63148,0.231873652,0.92854481,0
171.jpg,0.365411783,30,0.19380493,27.42307242,0.497885577,0.760033572,0
172.jpg,0.517768236,28,0.190886686,5.67651537,0.222335353,0.857631911,0
173.jpg,0.122074961,28,0.173400751,4353.711278,1.567220573,0.722957388,1
174.jpg,0.50063721,24,0.010217248,14937.9774,0.108157997,0.941455388,0
175.jpg,0.342893609,32,0.89069649,123.0528778,1.657709158,0.567223375,0
176.jpg,0.270437295,26,0.190671077,73.63975631,0.414873984,0.795214707,0
177.jpg,0.350748449,30,0.190631934,10.52363062,0.27728903,0.838563908,0
178.jpg,0.338981618,26,0.734536411,4943.447326,2.674859337,0.568812845,1
179.jpg,0.257500261,28,0.075391443,59808.03721,0.689591088,0.837589632,1
180.jpg,0.292275366,26,0.192450303,92.46656111,0.569929132,0.76142631,0
181.jpg,0.229281635,36,0.17567937,1646.338538,0.719185507,0.791912543,0
182.jpg,0.237333544,26,0.226184309,4142.957633,1.28720125,0.749019531,0
183.jpg,0.228802482,26,0.236852099,22.43609133,0.705985269,0.665866413,0
184.jpg,0.282242696,28,0.176053102,4075.507332,0.288126981,0.884096641,0
185.jpg,0.472089892,26,0.199731723,12.20913483,0.601220663,0.728428745,0
186.jpg,0.190196354,28,0.062380853,8977.671134,0.699959605,0.850704357,0
187.jpg,0.407501752,34,0.191320719,16.24513453,0.396783645,0.777656236,0
188.jpg,0.527029488,28,0.190250483,18.94724185,0.26999786,0.830705446,0
189.jpg,0.258513214,30,0.191128413,7.664330362,0.30938704,0.809903924,0
190.jpg,0.284393765,32,0.190886686,5.67651537,0.222335353,0.857631911,0
191.jpg,0.266461264,28,0.862871587,396.8476883,1.893334025,0.643928455,1
192.jpg,0.388035343,26,0.204576773,52.89649888,0.819837724,0.647696339,1
193.jpg,0.42303961,38,0.191011323,22.23399215,0.346500006,0.803872164,0
194.jpg,0.194298872,38,0.014081454,4439.249699,0.553897739,0.849580463,0
195.jpg,0.413390307,34,0.08462434,11.84707902,0.269139517,0.907367594,0
196.jpg,0.127029079,26,0.145999211,3249.547257,1.198714876,0.72950478,1
197.jpg,0.265032622,28,-0.001745033,39679.77119,0.38718982,0.909827854,0
198.jpg,0.412049161,32,0.190886686,5.67651537,0.222335353,0.857631911,0
199.jpg,0.132856956,26,0.080722848,2480.831142,0.92170502,0.794702395,0
200.jpg,0.270476213,36,-0.00124155,62694.26409,0.324913662,0.931763862,0
201.jpg,0.392341788,36,0.082248165,7457.933354,0.53694144,0.846941951,0
202.jpg,0.267297269,32,0.009199081,3205.096679,0.411750775,0.867942367,0
203.jpg,0.396854036,30,0.19125113,13.19022375,0.381069147,0.794837694,0
204.jpg,0.293380132,30,0.156018048,2127.457268,1.016255528,0.715623387,1
205.jpg,0.430962146,26,0.191033289,5.631459999,0.252041804,0.82625429,0
206.jpg,0.279857959,40,0.002770389,4434.67887,0.329154064,0.902747663,0
207.jpg,0.302513745,32,0.00273685,77474.99179,0.608959631,0.88130542,0
208.jpg,0.179260276,26,0.033566213,169197.0235,1.260583423,0.838750325,0
209.jpg,0.488394861,32,0.190999228,8.435684474,0.325127939,0.807637309,0
210.jpg,0.16068765,24,0.057933977,86653.64206,0.730148724,0.861240709,0
211.jpg,0.099825529,30,0.190886686,5.67651537,0.222335353,0.857631911,0
212.jpg,0.370241622,26,0.190851671,6.003690899,0.280769,0.822784195,0
213.jpg,0.325011612,30,0.105928967,8919.361637,0.483037899,0.814549633,0
214.jpg,0.193427673,26,0.088173917,99586.24447,1.118184747,0.831456107,0
215.jpg,0.426189542,26,0.032542325,40547.55206,0.83991673,0.832228624,0
216.jpg,0.36520045,32,0.002291137,2420.133542,0.332988871,0.897685583,0
217.jpg,0.147087609,24,0.187018645,474.4183776,0.844800711,0.739843161,1
218.jpg,0.427920322,38,0.190886686,5.67651537,0.222335353,0.857631911,0
219.jpg,0.262933877,30,0.26098298,9504.600107,1.767583793,0.676658916,1
220.jpg,0.183312098,38,0.191556768,5.665968246,0.296946354,0.820340698,0
221.jpg,0.19765365,28,0.007456482,37369.81972,0.697946917,0.849713377,0
222.jpg,0.551714062,26,0.190440676,85.23645913,0.263363707,0.834866637,0
223.jpg,0.378407639,30,0.01968341,20622.5167,0.535462502,0.86085124,0
224.jpg,0.361528092,28,-0.001734386,40210.13784,0.126375725,0.954498438,0
225.jpg,0.288957104,24,0.301631505,224.4595285,0.886588103,0.620443293,0
226.jpg,0.155010985,34,-0.017540437,216351.9051,0.812654291,0.916049453,0
227.jpg,0.247963873,28,0.32305444,4558.566264,1.618566999,0.727845237,0
228.jpg,0.328116244,26,0.177653321,1026.727869,1.275046956,0.678246352,1
229.jpg,0.382272887,28,0.191975924,5.646183278,0.279164367,0.814438869,0
230.jpg,0.330377791,34,0.015123777,17175.2211,0.398561127,0.881001645,0
231.jpg,0.374288713,22,0.099701077,10460.75833,0.690116363,0.82226121,1
232.jpg,0.412028976,26,0.054065856,342.0390967,0.546954646,0.765941404,0
233.jpg,0.525277875,32,0.186924071,115.2343951,0.302464697,0.835978059,0
234.jpg,0.524517967,28,0.000768664,4913.188895,0.036422041,0.962151471,0
235.jpg,0.417660776,28,0.847809185,93.17752445,1.637695022,0.520377641,0
236.jpg,0.296011969,32,0.183231819,650.5163363,0.464441051,0.834900645,0
237.jpg,0.358135248,38,0.172311283,564.1984576,0.337583083,0.866359921,0
238.jpg,0.334203494,32,-0.000536106,156219.1819,0.683286149,0.910442764,0
239.jpg,0.437717537,36,0.108483648,1343.442033,0.405551205,0.85005431,0
240.jpg,0.328379661,34,0.054937456,64036.84872,1.13347676,0.817681585,0
241.jpg,0.381735528,24,0.145107415,330.2118114,1.034500532,0.645489048,1
242.jpg,0.136801865,30,0.052460091,41969.87034,1.081731221,0.834062446,0
243.jpg,0.251102667,30,0.011594704,49487.94757,0.712592601,0.889325191,0
244.jpg,0.240494191,26,0.003625004,9730.246546,0.481399279,0.877811232,0
245.jpg,0.209331968,28,0.177342903,1702.913821,0.563638274,0.816181102,0
246.jpg,0.168132468,24,0.031064861,187599.7074,0.696753101,0.879679089,0
247.jpg,0.299546018,32,0.188066683,19.36203921,0.248519243,0.860737462,0
248.jpg,0.172089574,36,0.092164826,3106.441546,1.232531172,0.747682137,1
249.jpg,0.404583967,18,0.050302714,332.1443659,0.741464555,0.691280357,1
250.jpg,0.332364476,34,0.054498911,46707.43984,0.540992873,0.874715006,0
251.jpg,0.432672578,28,0.188675462,127.9068474,0.396779255,0.81881543,0
252.jpg,0.303085435,24,0.026236655,1865.452468,0.511448505,0.846884576,0
253.jpg,0.435640863,36,0.194369865,13.89883054,0.57218178,0.731142638,0
254.jpg,0.465778208,30,0.032242524,3838.221831,0.436871389,0.883486984,0
255.jpg,0.345117272,34,0.191862068,5.648780606,0.308266358,0.803705303,0
256.jpg,0.402450553,20,0.186623786,131.6491776,0.865594855,0.670285084,1
257.jpg,0.456081755,30,0.174219804,22.65505953,0.46579233,0.781788795,0
258.jpg,0.29008116,32,0.159673176,605.1705675,1.580353901,0.634341121,1
259.jpg,0.151538843,36,0.182279552,573.01882,0.515908201,0.843652959,0
260.jpg,0.431829299,30,0.175778125,131.2338105,0.281187752,0.856010891,0
261.jpg,0.150452754,34,0.078971211,17481.02942,1.277895828,0.75472155,0
262.jpg,0.488125242,24,0.050710239,2185.621531,0.725100101,0.764187945,0
263.jpg,0.507552872,26,0.000802674,2294.230176,0.164477849,0.897058046,0
264.jpg,0.236924419,30,0.003248598,9745.792087,0.227657589,0.889502706,0
265.jpg,0.1137696,32,0.00350734,161348.0397,0.731202144,0.885739356,0
266.jpg,0.50255951,38,0.19097724,5.759784313,0.262862525,0.827726729,0
267.jpg,0.200740522,24,0.083145047,87174.59154,1.202284792,0.822897341,0
268.jpg,0.470998587,28,0.002351135,5155.986965,0.188080857,0.920346256,0
269.jpg,0.149599951,30,0.190896317,6.01034442,0.232698505,0.853338901,0
270.jpg,0.28556944,36,0.193689127,77.7415413,0.416377494,0.780136556,0
271.jpg,0.207061822,38,0.123470691,5597.833927,1.438597917,0.753871907,1
272.jpg,0.511812697,26,0.00925252,179.9438351,0.152227035,0.880766578,0
273.jpg,0.318961472,22,0.190886686,5.67651537,0.222335353,0.857631911,0
274.jpg,0.456331796,30,0.010249352,4135.348089,0.485023134,0.843318355,0
275.jpg,0.232609181,30,0.316080561,2728.98584,1.49483495,0.674645556,1
276.jpg,0.22350027,36,0.200371879,254.6376608,0.956377612,0.666974371,1
277.jpg,0.157347573,36,0.029105203,41672.86107,0.759084269,0.8605913,0
278.jpg,0.489556295,30,0.181837402,1497.678572,0.252779125,0.866448957,0
279.jpg,0.329072394,30,0.193333804,21.09171044,0.438874324,0.773967443,0
280.jpg,0.433604866,12,0.109364753,334.834791,1.043453221,0.628719421,1
281.jpg,0.212993782,36,0.117988438,6248.297391,1.293095607,0.738274828,1
282.jpg,0.396042033,36,0.001344346,23771.22608,0.283471282,0.891514355,0
283.jpg,0.358937753,38,0.037859871,28900.50228,0.667471625,0.850726929,0
284.jpg,0.267562994,26,0.195576446,107.6055908,0.56578331,0.754068669,0
285.jpg,0.105303779,34,0.067099861,71902.29322,0.809110839,0.855683824,0
286.jpg,0.181413281,36,0.125136004,82995.97126,2.016784267,0.726853993,1
287.jpg,0.175587635,26,0.191566426,37.68633066,0.447963996,0.762142436,0
288.jpg,0.185651236,34,0.003236346,16171.69684,0.447079508,0.879475732,0
289.jpg,0.242844189,28,0.104854582,9342.177094,0.360469602,0.872691607,0
290.jpg,0.307414588,34,0.190892283,6.055663441,0.260330636,0.82618373,0
291.jpg,0.324957624,28,0.080651632,4096.483603,1.213292783,0.739006633,1
292.jpg,0.371996693,24,0.043445846,2269.551911,1.032300332,0.736638062,1
293.jpg,0.230503306,24,0.076614124,46754.46942,0.674049709,0.808507373,0
294.jpg,0.157701975,30,0.028528262,22773.1651,0.727291534,0.857054697,0
295.jpg,0.082391366,22,0.017603632,48857.66763,0.466532334,0.931807044,0
296.jpg,0.50794274,18,0.187022066,76.216995,0.269580411,0.841696127,0
297.jpg,0.366266068,28,0.203411842,26.96024082,0.700809588,0.68050988,1
298.jpg,0.349211569,30,0.19045013,57.51088316,0.412110491,0.795586914,0
299.jpg,0.239049055,30,0.021132089,12371.26032,0.868875043,0.865754976,0
300.jpg,0.259047297,28,0.175117186,7718.294079,1.569137387,0.698384964,1
301.jpg,0.280286758,32,0.040982996,36732.85047,0.752519633,0.858886083,0
302.jpg,0.379860559,32,0.240583379,13810.98563,1.362630124,0.777724726,0
303.jpg,0.31940086,34,0.150005831,922.8251152,0.360119426,0.8585706,0
304.jpg,0.353096139,32,0.191410102,17.91047055,0.405794318,0.7757767,0
305.jpg,0.219431549,32,0.134895906,31822.5733,1.560403687,0.725837515,1
306.jpg,0.23152385,34,0.180600245,1171.490581,0.632990491,0.818916868,0
307.jpg,0.09723253,24,0.186551824,237.7615313,0.50215019,0.806227802,0
308.jpg,0.231510567,30,0.193022692,44.24978502,0.556654245,0.764024791,0
309.jpg,0.347025469,24,0.200400388,13.41071842,0.700931089,0.684239713,1
310.jpg,0.290043319,26,0.019615016,37063.75652,0.955051254,0.848485554,0
311.jpg,0.124505985,32,0.003789612,118144.2412,0.995301094,0.846190635,0
312.jpg,0.273415183,28,0.087845099,1142.245744,1.072092433,0.702698541,1
313.jpg,0.42282938,24,0.190394512,40.128188,0.384230499,0.818009149,0
314.jpg,0.176176241,34,0.029651289,174459.3615,0.638901444,0.866981721,0
315.jpg,0.187684792,32,0.082299474,10469.36512,0.938063318,0.795696584,0
316.jpg,0.316299396,26,0.187847894,17.44655604,0.517092893,0.798735639,0
317.jpg,0.130657135,38,0.193260517,36.02624716,0.493021232,0.776709674,0
318.jpg,0.47426617,36,0.122475227,9235.614657,0.336609373,0.883277944,0
319.jpg,0.168014556,32,0.029891603,33322.31896,1.141545806,0.79218348,1
320.jpg,0.392615597,36,0.147617921,1330.487516,0.64789761,0.800229969,0
321.jpg,0.219118953,26,0.19035368,74.74849576,0.418725568,0.797820118,0
322.jpg,0.339369801,30,-0.003062667,36459.64558,0.557648102,0.894224231,0
323.jpg,0.173512436,32,0.18743673,809.7593495,0.682371391,0.784505275,0
324.jpg,0.301057196,28,0.176782605,1120.971602,0.706430648,0.777307068,0
325.jpg,0.386765654,28,0.190537513,256.0208634,0.494483776,0.791865407,0
326.jpg,0.390578147,30,0.019085335,14684.76736,0.638245152,0.852039233,0
327.jpg,0.195782705,30,0.0110874,4582.405242,0.425415489,0.874217771,0
328.jpg,0.218908399,38,0.062234677,27389.90673,0.746922156,0.832677111,0
329.jpg,0.380963103,30,0.573483403,55.4229577,1.333754751,0.569650277,1
330.jpg,0.469772719,28,0.19075034,10.88006918,0.304946464,0.823071432,0
331.jpg,0.332909619,34,0.179884087,1816.81031,0.272346619,0.87165973,0
332.jpg,0.234195283,34,-0.005927862,117700.6214,0.680121969,0.895688451,0
333.jpg,0.371700408,22,0.028566675,44461.35417,0.425472506,0.855267595,0
334.jpg,0.508617707,30,0.19094085,8.61848936,0.274263125,0.831226676,0
335.jpg,0.153438833,30,0.233813741,2958.508626,1.492515469,0.690824667,1
336.jpg,0.392130351,40,0.190981156,10.24326518,0.370841122,0.794259779,0
337.jpg,0.353993293,28,0.195717134,286.2559953,0.670587072,0.738349573,1
338.jpg,0.240757265,34,0.192340369,54.74064509,0.562083427,0.755890457,0
339.jpg,0.331006736,28,0.002631889,44458.41248,0.307422766,0.868279097,0
340.jpg,0.319228681,30,0.12835527,5970.040499,0.584196235,0.810031954,0
341.jpg,0.107779326,30,0.161832462,2803.641743,0.666288858,0.838240353,0
342.jpg,0.410514621,32,0.191173904,12.99919554,0.341493993,0.797343439,0
343.jpg,0.185024178,26,0.096969941,6046.981255,1.153822674,0.742592443,1
344.jpg,0.498814719,30,0.190693617,8.733895942,0.23414415,0.858682343,0
345.jpg,0.347114242,26,0.048437411,943.1088088,0.795957849,0.764493458,1
346.jpg,0.202201603,34,0.189173467,110.544251,0.427873481,0.813538706,0
347.jpg,0.379201239,26,0.031012339,376.2953491,0.445395609,0.82575066,0
348.jpg,0.245279149,30,0.019171969,30463.23341,0.805654311,0.86311837,0
349.jpg,0.275972977,28,0.169556242,2231.547941,0.42288943,0.872069875,0
350.jpg,0.131571861,36,0.039409755,149345.6754,0.984418363,0.87046191,0
351.jpg,0.395855839,34,0.149926666,177.3057327,0.898482605,0.64866004,1
352.jpg,0.295679979,24,0.0323063,24232.50967,0.526081522,0.861452542,0
353.jpg,0.121924676,28,0.190860819,44.47393049,0.365048875,0.794872092,1
354.jpg,0.224251051,40,0.190495638,282.2497525,0.700987099,0.788864504,0
355.jpg,0.46919756,12,0.079504698,365.8965168,0.880719126,0.689658461,1
356.jpg,0.172622275,28,0.12572548,15428.95339,0.882288306,0.807543084,0
357.jpg,0.193503775,30,0.041338003,19557.16096,1.161313375,0.776524776,1
358.jpg,0.347041498,32,0.220802649,119.1066301,1.041830132,0.654605497,1
359.jpg,0.202622293,28,0.175510667,624.864771,0.491352495,0.819628389,0
360.jpg,0.162298879,34,0.044714348,65305.48156,1.352811372,0.790621444,0
361.jpg,0.602101008,10,0.062910523,402.1464151,0.755143363,0.71199538,1
362.jpg,0.066716687,34,0.191354712,71.27583939,0.637663907,0.747425669,0
363.jpg,0.335152329,24,0.190659108,50.84908519,0.360991385,0.811728451,0
364.jpg,0.43401274,26,0.190524669,26.74872825,0.30784412,0.838836742,0
365.jpg,0.241754219,30,-0.00255267,23338.8996,0.475442896,0.908190069,0
366.jpg,0.463095297,32,0.201041365,6.846809944,0.463375839,0.734152112,1
367.jpg,0.456192537,16,0.231416788,199.4276406,1.075690087,0.630568054,1
368.jpg,0.413236871,24,0.901557242,9.321489937,1.783338603,0.429537719,1
369.jpg,0.39433538,26,0.192070817,45.77592828,0.507471083,0.764336664,1
370.jpg,0.346197864,30,0.033994467,34932.05038,0.826204109,0.833822866,0
371.jpg,0.365175531,30,0.062335863,13074.8366,0.920633211,0.780237624,0
372.jpg,0.302964777,30,0.195118152,19.64643834,0.58840092,0.721447658,1
373.jpg,0.354820306,26,0.145650855,3296.920425,0.674288212,0.810252641,1
374.jpg,0.152464318,36,0.439537591,7289.959747,1.858147931,0.670789876,1
375.jpg,0.393935422,28,0.015001097,8560.668905,0.48758077,0.845547342,0
376.jpg,0.117796927,34,0.161720218,3814.705265,0.9478555,0.778346648,0
377.jpg,0.419217988,26,0.190920318,5.661627338,0.238850546,0.851255872,0
378.jpg,0.556222589,28,0.786091647,58.64837736,1.310997855,0.608285444,0
379.jpg,0.428365322,22,0.057764474,6899.344614,0.576362808,0.833667134,1
380.jpg,0.079481724,32,0.165919449,4947.988474,0.890724008,0.8006509,0
381.jpg,0.310131593,30,0.190886686,5.67651537,0.222335353,0.857631911,0
382.jpg,0.35059062,38,0.19161456,11.31190526,0.428013221,0.774594692,0
383.jpg,0.297914804,32,0.190995344,6.937719406,0.335464631,0.799813938,0
384.jpg,0.385188321,28,0.000128297,7017.443511,0.223130696,0.904324649,0
385.jpg,0.272103615,34,0.675388553,1499.38308,2.068978511,0.60471588,1
386.jpg,0.423979409,32,0.712503666,1892.538663,1.503678019,0.67974365,1
387.jpg,0.484913677,28,0.191846371,8.358999554,0.431857627,0.769753015,0
388.jpg,0.350046707,34,0.009240539,306.2999473,0.300956516,0.88472541,1
389.jpg,0.43298388,22,0.117360127,182.8036329,0.843722716,0.688234809,1
390.jpg,0.203830157,34,0.190972322,6.576889955,0.312571402,0.812082429,1
391.jpg,0.360189285,24,0.01946649,4798.51631,0.59443108,0.815961177,0
392.jpg,0.315912141,26,0.007795609,11116.91865,0.372525637,0.882802471,0
393.jpg,0.227557647,30,0.0456896,8605.603658,1.00513639,0.79729364,0
394.jpg,0.42704639,26,0.210096961,370.4044896,1.248487412,0.643484534,1
395.jpg,0.330908531,30,0.313450131,143.4580437,0.772368098,0.616372445,1
396.jpg,0.096500499,22,0.200887631,75.14371345,0.877558279,0.696576998,0
397.jpg,0.152519997,30,-0.001282864,6316.028475,0.030772179,0.979557561,0
398.jpg,0.384581088,30,0.58232468,57.65427428,1.329110919,0.567450723,1
399.jpg,0.334802396,40,0.113903375,1811.576495,0.817028157,0.776027887,0
400.jpg,0.514240241,20,0.046136891,306.0991437,0.836015075,0.723082902,1
401.jpg,0.071924569,38,0.19108685,27.25005232,0.414938317,0.788060946,1
402.jpg,0.320847772,16,0.007121766,57059.57111,0.482292225,0.893545015,0
403.jpg,0.404567293,32,0.190872977,6.144024962,0.269143759,0.831519225,0
404.jpg,0.209036727,26,-0.00203398,5845.159665,0.11906421,0.95209643,0
405.jpg,0.189688378,30,0.048369728,19136.05128,0.670740786,0.85815882,0
406.jpg,0.49707445,30,0.85851963,44.78717482,1.252613586,0.609159207,0
407.jpg,0.421572864,34,0.004922632,15352.60144,0.220550966,0.911937991,0
408.jpg,0.282129871,30,0.007371066,97810.99631,0.530907538,0.897420079,0
409.jpg,0.393736397,38,0.065033703,7633.697361,0.751253987,0.800351136,1
410.jpg,0.269086853,34,0.00022359,24301.11153,0.547769841,0.866980473,0
411.jpg,,,,,,,0
412.jpg,0.169529013,26,0.206989842,2329.105875,0.777213942,0.766369745,1
413.jpg,0.508756664,12,0.058085217,94.96175046,0.664461875,0.715427517,1
414.jpg,,,,,,,0
415.jpg,0.745615163,0,0.990708141,2.728808923,2.819323754,0.21393246,1
416.jpg,0.169771046,30,0.190963382,204.5534282,0.743978405,0.738371637,1
417.jpg,0.347948208,34,0.190281962,26.74427015,0.308436125,0.840386964,0
418.jpg,0.375657995,30,0.053398861,941.6917006,0.81194166,0.737498715,0
419.jpg,0.223674558,22,0.110860668,7686.323876,1.009401915,0.762654061,1
420.jpg,,,,,,,0
421.jpg,0.329020649,18,0.106853006,307.451466,0.741470237,0.758803333,1
422.jpg,0.502401651,14,0.090260079,108.8206736,0.781988347,0.68863694,1
423.jpg,0.517959315,16,0.128946724,337.7911014,0.948756709,0.696780053,1
424.jpg,0.258333545,30,0.130569208,2444.514664,0.708032883,0.833113068,0
425.jpg,0.459479784,8,0.118401019,114.2544054,0.782156337,0.721010012,1
426.jpg,0.489096346,20,0.041157562,621.3744762,0.922069364,0.724556663,1
427.jpg,0.078357899,30,0.070393178,45435.9097,0.618246855,0.835034751,0
428.jpg,0.230662594,20,0.182972036,1263.913704,0.800369629,0.766842879,0
429.jpg,0.465325122,18,0.104149369,327.7199132,0.418146259,0.815153866,1
430.jpg,0.029245749,30,0.186726545,11.34477635,0.233987201,0.858691548,0
431.jpg,0.178027646,40,0.191018843,14.35529735,0.406298203,0.784504266,0
432.jpg,0.089732373,26,0.239382423,1323.926156,1.065106252,0.739825823,0
433.jpg,0.195326485,30,0.091752239,2765.905211,1.039141348,0.769730545,1
434.jpg,0.260227867,32,0.162227321,947.7101386,0.993943376,0.719626764,1
435.jpg,0.184980357,24,0.191478288,291.5811308,0.607813017,0.775182297,0
436.jpg,,,,,,,0
437.jpg,,,,,,,0
438.jpg,,,,,,,0
439.jpg,0.111785267,28,0.198653284,3009.189294,0.880062637,0.770553603,1
440.jpg,0.369296364,22,0.082003016,189.9572236,0.885142281,0.716996891,1
441.jpg,0.323057904,24,0.200099529,29.36516478,0.706767867,0.696303926,1
442.jpg,0.390300609,30,0.190412891,18.97563338,0.265349055,0.84612637,0
443.jpg,0.509446092,16,0.049635583,408.030576,0.554901234,0.804242038,1
444.jpg,0.353083712,30,0.226809476,35588.46392,1.507407296,0.711736683,1
445.jpg,0.113567377,30,0.088153414,150210.6441,1.625649845,0.781570041,0
446.jpg,,,,,,,0
447.jpg,0.244951375,34,0.166742612,2928.883525,0.654206241,0.796969392,1
448.jpg,0.634265302,10,0.031620851,336.3258177,0.631519184,0.737920452,1
449.jpg,,,,,,,0
450.jpg,0.336836293,34,-0.002136657,14364.96472,0.275733128,0.910160762,0
451.jpg,,,,,,,0
452.jpg,0.413290842,24,0.575881772,572.089341,1.597882849,0.638582681,1
453.jpg,0.269458579,32,0.128953957,42.45272514,0.940523116,0.662702595,0
454.jpg,,,,,,,0
455.jpg,0.208560475,28,0.189941553,71.93207294,0.360648017,0.813715422,0
456.jpg,0.35975239,34,0.235234099,30.89587419,0.760930317,0.650589296,1
457.jpg,0.138804292,34,0.222907873,41.52735042,0.869995664,0.669620682,1
458.jpg,0.267050031,30,0.85747532,208.7779625,1.852637181,0.60149106,1
459.jpg,,,,,,,0
460.jpg,,,,,,,0
461.jpg,0.263567619,30,0.544220762,1472.386097,1.837942427,0.640907074,1
462.jpg,0.468081999,20,0.157657762,179.6908809,1.059607832,0.660875689,1
463.jpg,0.323374371,36,0.858871816,1945.242141,2.855770447,0.523346375,1
464.jpg,,,,,,,0
465.jpg,0.281296445,30,0.860015024,738.9278086,2.792092683,0.528720191,1
466.jpg,0.242062305,22,0.170022073,1386.720241,1.26673922,0.685844629,1
467.jpg,0.389275582,24,0.087254617,372.1069004,0.565127983,0.780209276,1
468.jpg,0.246955504,28,0.110348527,33106.51488,0.505444809,0.867523314,0
469.jpg,0.20034849,32,0.206099221,98.45854576,0.752645241,0.701205824,0
470.jpg,,,,,,,0
471.jpg,,,,,,,0
472.jpg,,,,,,,0
473.jpg,,,,,,,0
474.jpg,0.390438296,20,0.474195712,123.1856333,1.102037638,0.627260578,0
475.jpg,0.176222565,32,0.178014164,6812.265843,1.045956315,0.748959342,1
476.jpg,0.188549219,32,0.101794363,57253.30757,1.751902629,0.733016323,1
477.jpg,0.214722082,32,0.196524845,4288.705102,1.032716722,0.725011007,1
478.jpg,0.196742983,36,0.08568149,13683.83231,0.789809197,0.824474276,0
479.jpg,0.176502997,30,0.103302546,51670.00743,0.537261763,0.906525835,0
480.jpg,0.151302274,32,0.153933541,1951.899814,1.107476321,0.718716045,1
481.jpg,0.191489977,34,0.01719818,2529.047039,0.580719631,0.797436785,1
482.jpg,0.414116963,30,0.448351268,171.5710061,1.158262076,0.583633248,1
483.jpg,0.407694791,20,0.125636471,93.03058086,0.879186297,0.680413771,1
484.jpg,,,,,,,0
485.jpg,0.448519177,16,0.051146279,339.0220031,0.769155632,0.719757196,1
486.jpg,0.155392728,24,0.183024293,3082.68459,0.966378816,0.797906732,0
487.jpg,0.185788036,32,0.067904934,53305.18678,1.149410765,0.837634462,0
488.jpg,0.291728883,36,0.010960189,36882.51391,0.730759362,0.863315123,1
489.jpg,0.240504516,28,0.19873866,9.752302507,0.60027492,0.701051667,1
490.jpg,,,,,,,0
491.jpg,0.284178906,34,0.807935231,286.0947705,1.761120998,0.612498571,1
492.jpg,0.455325609,18,0.044295743,46930.07463,0.663539463,0.834285391,1
493.jpg,0.576480709,12,0.034753657,332.0902712,0.481718773,0.802536243,1
494.jpg,0.099155877,34,0.064466842,8325.198726,1.273900418,0.772238329,1
495.jpg,0.59756973,14,0.131853358,120.3013045,0.687791942,0.731027314,1
496.jpg,0.264726869,32,0.122081885,798.1815318,1.1206223,0.723312785,1
497.jpg,0.309595245,32,0.145237959,5011.461915,0.324671555,0.883838509,0
498.jpg,0.135796908,36,0.161572715,31379.46979,1.805512702,0.723070724,1
499.jpg,0.412298556,32,-0.000111741,36021.22057,0.225297708,0.929087429,0
500.jpg,0.388257256,36,0.060904835,3555.611566,0.458975052,0.853845434,0
501.jpg,0.27110531,34,0.188606106,292.4454662,0.408224367,0.831517842,0
502.jpg,0.245586565,30,0.138531804,910.8555357,0.693558444,0.819960536,0
503.jpg,0.225135336,24,0.106117999,4906.223254,0.954057124,0.762509782,1
504.jpg,0.297125645,26,0.042597254,109672.6253,1.074780112,0.824752777,0
505.jpg,0.331339525,30,-0.001404634,253657.9691,0.837975918,0.896098518,0
506.jpg,,,,,,,0
507.jpg,0.157491468,32,0.127641889,8282.516945,1.296653719,0.769813782,1
508.jpg,0.146231678,38,0.086268477,3989.080003,0.590781856,0.858174855,0
509.jpg,0.265566791,38,0.139592,4821.421163,0.662325425,0.812737174,0
510.jpg,0.424557179,30,0.18786447,1442.416373,0.765522444,0.735452575,1
511.jpg,0.466058162,10,0.062874984,335.8689412,0.848380219,0.70219801,1
512.jpg,,,,,,,0
513.jpg,0.459063035,20,0.068084654,201.2909854,0.750197996,0.717074071,1
514.jpg,0.379168124,28,0.616106087,14.48638674,1.582885108,0.453641399,1
515.jpg,0.269816618,28,0.073784274,683.8060874,1.101219727,0.729557502,1
516.jpg,0.229119868,40,0.162526054,18387.65969,1.273063008,0.768266888,1
517.jpg,0.225544843,30,0.631750918,95.84030514,1.598414298,0.522020136,1
518.jpg,0.207380245,30,0.121725491,7214.847055,0.974541822,0.827041066,0
519.jpg,0.101974727,36,0.153280067,5782.042438,0.676036299,0.830467424,0
520.jpg,0.142246391,36,0.171037987,2336.708293,1.318313484,0.724631884,1
521.jpg,0.187488466,28,0.05584939,6970.528483,0.829124372,0.81305022,1
522.jpg,0.143961941,32,0.176912654,1089.256237,0.551031262,0.846177804,0
523.jpg,0.650858529,12,0.061749029,328.5566472,0.894172021,0.686037091,1
524.jpg,0.477037185,18,0.137591409,333.2984543,0.87842913,0.676860298,1
525.jpg,0.512927306,6,0.112190002,333.4103399,1.027411098,0.65829949,1
526.jpg,0.628673911,6,0.084455235,327.3032141,1.014069645,0.66599926,1
527.jpg,0.616755504,8,0.086946302,328.0154402,0.971058793,0.671757011,1
528.jpg,0.528590264,16,0.095434998,328.3291756,0.975248855,0.670954972,1
529.jpg,0.494517221,12,0.108731676,330.2594328,1.027599056,0.660847817,1
530.jpg,0.408582911,24,0.144248271,327.2665997,0.968644508,0.667723588,1
531.jpg,0.703924849,8,0.063094519,323.4027006,0.914921198,0.685690238,1
532.jpg,0.535436039,14,0.067538811,784.214002,0.950841657,0.710366989,1
533.jpg,0.608185323,8,0.087672209,327.7120974,0.984125191,0.669900813,1
534.jpg,0.562329952,8,0.097713025,330.3953169,1.012296136,0.664482016,1
535.jpg,0.622241883,6,0.081244832,328.1581982,0.977044289,0.673720856,1
536.jpg,0.664940644,4,0.066722044,325.5145583,0.953348184,0.680608634,1
537.jpg,0.593724311,8,0.089420399,328.1863088,0.981649917,0.670610654,1
538.jpg,0.536676585,12,0.096777545,327.7070501,0.986463424,0.664261858,1
539.jpg,0.598357349,6,0.078319591,325.2583707,0.950818981,0.673953777,1
540.jpg,0.702193197,8,0.04505756,326.6643043,0.8047634,0.697262729,1
541.jpg,0.556283185,14,0.076081366,354.2008691,0.903063498,0.700987116,1
542.jpg,0.636016002,6,0.07213655,327.7053543,0.967271851,0.678481435,1
543.jpg,0.577213407,16,0.074685783,381.1638324,0.879012859,0.708206671,1
544.jpg,0.498438984,8,0.035264569,729.6130709,0.786764311,0.734051036,1
545.jpg,0.552466059,6,0.105039306,329.5787448,1.019638222,0.661043243,1
546.jpg,0.318204742,36,0.187000201,60.89123449,0.699582438,0.688234676,1
547.jpg,0.599196685,10,0.069189702,331.1500763,0.964634376,0.678431191,1
548.jpg,0.639010444,4,0.085286625,324.2821359,0.940395633,0.67857447,1
549.jpg,0.285577382,28,0.097130177,1998.77002,1.034452871,0.719298731,1
550.jpg,0.674401533,8,0.049301649,326.5543106,0.835258976,0.692336885,1
551.jpg,0.65647302,10,0.056832956,329.3329212,0.871683681,0.690423311,1
552.jpg,0.62800725,8,0.074974051,327.9527422,0.957346491,0.677667489,1
553.jpg,0.583207388,10,0.082655724,359.7096255,0.859539758,0.710962653,1
554.jpg,0.512080849,10,0.109649764,328.8464709,1.023364985,0.659979536,1
555.jpg,0.505830357,18,0.075257576,349.6805936,0.835988758,0.711479423,1
556.jpg,0.453202116,20,0.131100581,333.1248126,0.975288884,0.668535862,1
557.jpg,0.623759035,6,0.084007668,326.9468169,0.965640416,0.668432248,1
558.jpg,0.343809237,22,0.103535573,691.2817695,0.975852189,0.684253103,1
559.jpg,0.538948287,14,0.094235619,443.2615331,0.878782755,0.705313,1
560.jpg,0.606354254,8,0.070314856,739.6558168,0.968215567,0.697706851,1
561.jpg,0.563948288,10,0.151140655,92.83312382,1.106556521,0.615131887,1
562.jpg,0.617300433,6,0.082599851,327.1385551,0.998786967,0.66879611,1
563.jpg,0.614750434,8,0.080411797,326.0182503,0.99268142,0.669983191,1
564.jpg,0.657190058,12,0.057600732,329.3535959,0.864084906,0.691218344,1
565.jpg,0.669087464,6,0.058719158,325.5822014,0.902365486,0.684652435,1
566.jpg,0.64013604,10,0.064864702,328.5013068,0.898256336,0.678349889,1
567.jpg,0.580069518,8,0.091369864,328.6567841,0.963697703,0.673615346,1
568.jpg,0.377599495,24,0.040126034,5058.592561,0.86372813,0.743399267,1
569.jpg,0.609640475,8,0.079324058,326.5729991,0.989448764,0.669513769,1
570.jpg,0.564617508,10,0.092258763,327.4144509,0.962702497,0.672304881,1
571.jpg,0.416591325,22,0.064368475,955.2115378,0.892829264,0.711770688,1
572.jpg,0.616462416,10,0.083901754,327.4057143,0.977736183,0.671031811,1
573.jpg,0.63809529,8,0.062038745,327.665372,0.933292246,0.679463179,1
574.jpg,0.63667324,10,0.070111729,327.4276499,0.951998087,0.679602926,1
575.jpg,0.675958112,8,0.060895887,344.4219632,0.794360179,0.704722046,1
576.jpg,0.558068463,14,0.034549013,389.5149443,0.724635576,0.737121644,1
577.jpg,0.676009958,6,0.051462055,341.2090963,0.789862811,0.70752766,1
578.jpg,0.565182959,22,0.117835106,325.5072824,0.947463006,0.67363818,1
579.jpg,0.612389173,6,0.084566708,328.6935957,0.975564071,0.673665204,1
580.jpg,0.642657707,4,0.070935371,326.2209797,0.967404932,0.678401514,1
581.jpg,0.665510305,6,0.072437729,325.4027166,0.975691448,0.676592608,1
582.jpg,0.574202628,12,0.077452263,339.1079433,0.926335707,0.686654179,1
583.jpg,0.504030648,20,0.13411396,365.072303,0.913964561,0.6888485,1
584.jpg,0.639572985,12,0.073878822,326.768087,0.940769157,0.681144312,1
585.jpg,0.406905578,14,0.120067094,336.8490247,1.009870931,0.667496407,1
586.jpg,0.605634092,10,0.086100628,329.8558129,0.988088616,0.672525363,1
587.jpg,0.659754206,10,0.055561083,329.1896437,0.856721154,0.692733412,1
588.jpg,0.479423504,12,0.112020795,334.1875612,0.892631318,0.683553158,1
589.jpg,0.629577465,6,0.083808675,327.486908,0.963314198,0.674471715,1
590.jpg,0.194647311,26,0.184812192,104.1410906,0.824536944,0.674182667,1
591.jpg,0.591711928,12,0.08822716,326.919454,0.981174264,0.670790388,1
592.jpg,0.637609383,6,0.084586381,327.4127896,0.986461995,0.671642194,1
593.jpg,0.625140374,4,0.082855658,328.0433115,0.960716296,0.675442321,1
594.jpg,0.378829029,28,0.150888628,312.9538828,0.663538185,0.757484798,1
595.jpg,0.596745221,10,0.090311872,327.6896996,0.986212416,0.667582264,1
596.jpg,0.507667153,8,0.104531656,381.7642834,0.917750702,0.693625936,1
597.jpg,0.634865926,12,0.063433075,327.8682685,0.922255174,0.693068205,1
598.jpg,0.549207572,8,0.102925621,329.7610344,1.010003105,0.664315513,1
599.jpg,0.639289365,12,0.046284626,403.0288596,0.716965615,0.73384938,1
600.jpg,0.623933736,6,0.084712231,329.1000789,0.962955507,0.674518468,1
601.jpg,0.372298006,24,0.084834674,976.7390305,0.976416146,0.691157117,1
602.jpg,0.613355404,6,0.087191496,327.7770576,0.988004349,0.670515115,1
603.jpg,0.654002317,6,0.06231035,325.2270297,0.913755887,0.681973522,1
604.jpg,0.586889195,12,0.057407685,330.0721261,0.945855765,0.676167125,1
605.jpg,0.618684965,10,0.072149253,338.3891508,0.9132187,0.698590454,1
606.jpg,0.610556976,6,0.083908297,328.6708285,0.970544438,0.673608484,1
607.jpg,0.662549237,12,0.055812463,329.165967,0.863401469,0.690998421,1
608.jpg,0.537173562,10,0.090297818,344.6373461,1.056795322,0.668597989,1
609.jpg,0.596557472,12,0.065826773,332.3639081,0.927291518,0.69440213,1
610.jpg,0.630749375,8,0.073983266,327.0746572,0.944302206,0.675103967,1
611.jpg,0.351607618,30,0.054490734,28355.61314,1.002158602,0.750197439,1
612.jpg,0.608351359,6,0.073505084,329.5718819,0.928516327,0.687116901,1
613.jpg,0.481856714,10,0.111681847,333.1864435,0.998622798,0.667402732,1
614.jpg,0.637908074,12,0.057365193,326.9470302,0.842855547,0.690634464,1
615.jpg,0.636143943,10,0.068660488,326.4905538,0.931757327,0.68374611,1
616.jpg,0.578203021,14,0.06252025,334.3718212,0.879884202,0.694677704,1
617.jpg,0.561726473,10,0.097374755,330.764114,0.992436798,0.66768229,1
618.jpg,0.61632474,6,0.07400404,328.0769386,0.982797357,0.673767582,1
619.jpg,0.647971781,12,0.058794259,329.2128904,0.851513348,0.693562305,1
620.jpg,0.628342464,6,0.082283088,326.9563761,0.977492743,0.673050753,1
621.jpg,0.623111119,8,0.080303976,326.8121905,0.962852856,0.669856352,1
622.jpg,0.653205339,12,0.058975556,329.0585048,0.880223238,0.689575368,1
623.jpg,0.411339845,20,0.065055175,1600.53649,0.91756529,0.705225285,1
624.jpg,0.207034246,30,0.176561848,169.5286898,0.965098758,0.664610225,1
625.jpg,0.624038054,10,0.073078794,327.6647145,0.955949723,0.677777302,1
626.jpg,0.366395094,18,0.130081825,336.1488642,0.960262144,0.687920212,1
627.jpg,0.242465435,28,0.168218738,211.4312458,0.897729993,0.669283195,1
628.jpg,0.711101362,10,0.045267689,323.7500793,0.802296235,0.691600981,1
629.jpg,0.541312138,10,0.058033521,339.5938865,0.914211404,0.674587275,1
630.jpg,0.612443207,14,0.070743403,326.7262293,0.947616548,0.679126026,1
631.jpg,0.605855178,12,0.059327984,328.0470063,0.907262572,0.694773156,1
632.jpg,0.353058982,28,0.143765049,328.9991759,0.912093787,0.688372837,1
633.jpg,0.654279132,4,0.068175221,326.0288545,0.955082626,0.680552297,1
634.jpg,0.39627064,24,0.127828993,327.53072,0.923961227,0.679136072,1
635.jpg,0.361428257,24,0.097910484,837.8083037,0.964651544,0.688693437,1
636.jpg,0.672759559,6,0.066809317,324.4692187,0.919923852,0.676254159,1
637.jpg,0.470504148,10,0.132831755,336.8509639,1.01847281,0.657024029,1
638.jpg,0.391632314,14,0.179362711,231.8758558,0.930943364,0.677199664,1
639.jpg,0.496458169,10,0.114099069,344.8378907,0.927140976,0.681448774,1
640.jpg,0.627656773,8,0.076703359,327.9602363,0.969946729,0.675102163,1
641.jpg,0.657683454,6,0.061365444,326.0058215,0.917240316,0.68365936,1
642.jpg,0.539402628,6,0.111107462,330.6432218,1.004527109,0.657297829,1
643.jpg,0.613718958,6,0.084220786,328.2568898,0.981784178,0.671405114,1
644.jpg,0.471408335,16,0.111450095,342.3984243,1.009426383,0.683122695,1
645.jpg,0.585059171,10,0.080058443,324.5207762,0.964599176,0.67224475,1
646.jpg,0.636949071,10,0.067471363,368.4333743,0.899282141,0.69723879,1
647.jpg,0.536316759,6,0.101394804,331.4717504,1.022662756,0.66198595,1
648.jpg,0.657065179,6,0.102407295,89.76055368,0.955667841,0.630972292,1
649.jpg,0.641480206,6,0.058321485,325.7348504,0.893904165,0.683706537,1
650.jpg,0.582559013,8,0.081572855,326.9968803,0.968930016,0.674827359,1
651.jpg,0.565133645,6,0.1043023,330.9712517,1.001294239,0.663479096,1
652.jpg,0.593711229,12,0.103652927,479.020031,1.122722983,0.678745884,1
653.jpg,0.160878028,28,0.191273884,47.35132091,0.64240658,0.681068557,1
654.jpg,0.636744666,6,0.080053797,328.779652,0.982990296,0.673207783,1
655.jpg,0.577841374,16,0.067701186,462.4206622,0.835953886,0.708905101,1
656.jpg,0.616374404,8,0.093187209,328.4276522,0.957961786,0.668690573,1
657.jpg,0.54626883,6,0.102533183,329.4684075,1.028077768,0.660436652,1
658.jpg,0.390218419,26,0.173360668,157.7273838,0.832960468,0.676685705,1
659.jpg,0.628912313,12,0.06714766,325.6674442,0.954883759,0.677809856,1
660.jpg,0.561458055,4,0.080121159,329.9696828,0.980934577,0.672297807,1
661.jpg,0.691058156,4,0.046279987,325.0307417,0.810105852,0.696290049,1
662.jpg,0.573136419,8,0.08228087,328.8928482,1.003160105,0.66895452,1
663.jpg,0.514789144,8,0.159290587,96.18183618,1.114642471,0.619334948,1
664.jpg,0.553952946,6,0.100420539,328.0298063,1.015906282,0.662049492,1
665.jpg,0.609006524,8,0.038574109,527.1944581,0.798156835,0.722776095,1
666.jpg,0.640459891,8,0.080636018,324.6214798,0.961045612,0.67513419,1
667.jpg,0.652043774,6,0.067518423,326.6753052,0.956030535,0.680145199,1
668.jpg,0.662393906,4,0.065142726,325.338106,0.938736834,0.680237922,1
669.jpg,0.500253671,16,0.073517543,358.5488507,1.046273171,0.68170549,1
670.jpg,0.485398054,10,0.118037479,331.5369224,1.004889248,0.663852753,1
671.jpg,0.627442366,8,0.084691613,322.045938,0.95271677,0.674638456,1
672.jpg,0.706348208,8,0.048367275,324.2676789,0.819773193,0.693012185,1
673.jpg,0.551644863,10,0.0783246,359.998999,0.895587869,0.69485055,1
674.jpg,0.627282193,6,0.079252815,327.9957732,0.965239781,0.675985194,1
675.jpg,0.58554161,6,0.099079718,329.387327,1.007288939,0.660992954,1
676.jpg,0.742253172,4,0.03645168,325.5528212,0.728344792,0.708620808,1
677.jpg,0.548727811,8,0.104128638,331.4925204,1.005310639,0.663526971,1
678.jpg,0.500794842,10,0.099004134,323.5229936,0.938789607,0.669966455,1
679.jpg,0.6202493,10,0.061651756,328.9998074,0.904437619,0.684043473,1
680.jpg,0.594060286,8,0.047744035,552.0689021,0.801817821,0.710505005,1
681.jpg,0.666006361,12,0.054476038,328.8320567,0.846577339,0.694325406,1
682.jpg,0.597003526,6,0.068102515,329.6199412,0.956042226,0.678599483,1
683.jpg,0.602601344,18,0.068037529,326.36084,0.941982722,0.680668137,1
684.jpg,0.609586974,4,0.071396063,325.4056599,0.946103321,0.67685958,1
685.jpg,0.649290713,14,0.05987857,327.6822177,0.903526232,0.687318995,1
686.jpg,0.60703982,6,0.093208879,328.6904815,0.981473135,0.6684082,1
687.jpg,0.551657854,14,0.094590281,329.812226,0.973828663,0.67299649,1
688.jpg,0.545836115,16,0.057987074,331.9873809,0.852514139,0.721582476,1
689.jpg,0.622117324,6,0.079577124,328.0463492,0.964238913,0.67576938,1
690.jpg,0.606722969,10,0.084304073,339.7324581,0.948807937,0.68456384,1
691.jpg,0.659952326,10,0.047080481,328.480436,0.788632046,0.697493195,1
692.jpg,0.599943971,4,0.078571006,325.0766295,0.944878097,0.673309851,1
693.jpg,0.67369531,6,0.052038218,327.6571518,0.853460084,0.693247351,1
694.jpg,0.610360773,6,0.094215881,326.9250013,0.938710125,0.676070916,1
695.jpg,0.587567021,8,0.087135979,323.2186901,0.966300253,0.667167915,1
696.jpg,0.617408976,6,0.086860976,326.9581752,0.961522972,0.669042027,1
697.jpg,0.588039159,10,0.079624206,323.6941207,0.968254183,0.67154577,1
698.jpg,0.674322623,6,0.05926246,325.7351953,0.870564543,0.686252492,1
699.jpg,0.528465739,8,0.109047968,332.4776261,1.008811035,0.660751422,1
700.jpg,0.635044362,8,0.076513931,328.3136981,0.970432039,0.676122719,1
701.jpg,0.657065552,4,0.058058489,325.8820897,0.888580168,0.685581125,1
702.jpg,0.685216773,8,0.058582812,325.2566484,0.893618869,0.685215588,1
703.jpg,0.642887078,8,0.042916196,332.5491307,0.851754891,0.693862519,1
704.jpg,0.597206987,12,0.050069276,326.8072275,0.737845904,0.729383105,1
705.jpg,0.56513667,12,0.033593325,457.3833837,0.72763653,0.72899706,1
706.jpg,0.635733088,8,0.066298362,326.9949182,0.921071527,0.684694477,1
707.jpg,0.609776242,8,0.035067979,468.7080359,0.757174719,0.722976999,1
708.jpg,0.545086728,16,0.150145629,102.5783793,1.122745759,0.621589052,1
709.jpg,0.680335067,6,0.066245209,324.7722659,0.932367204,0.682713625,1
710.jpg,0.61782705,6,0.086081622,326.5872262,0.966262976,0.672486941,1
711.jpg,0.548637745,6,0.097210619,329.1731568,1.001195838,0.665201841,1
712.jpg,0.625287272,12,0.069266417,327.7065353,0.937436601,0.689972844,1
713.jpg,0.649296739,12,0.054882767,329.2434639,0.849160109,0.694634416,1
714.jpg,0.465736145,8,0.105395535,328.4284206,1.009964276,0.662416585,1
715.jpg,0.645387317,4,0.072782723,326.2958333,0.958765192,0.677743839,1
716.jpg,0.51852968,14,0.103956615,329.2989223,0.9760503,0.66890199,1
717.jpg,0.588458075,8,0.091344887,331.0864677,1.001438437,0.67039678,1
718.jpg,0.588484489,12,0.03503529,342.8423802,0.733978574,0.736977405,1
719.jpg,0.469530992,14,0.03757197,392.407367,0.780261461,0.71998173,1
720.jpg,0.53839329,6,0.106923664,329.9485693,1.030573751,0.660522476,1
721.jpg,0.618155596,12,0.064078922,324.2544865,0.898463461,0.680826192,1
722.jpg,0.572328666,10,0.157026482,91.85458277,1.132982344,0.610322184,1
723.jpg,0.64657519,10,0.095683684,328.8981958,1.009837245,0.668864574,1
724.jpg,0.650024362,8,0.064425644,325.7585288,0.924174624,0.685107941,1
725.jpg,0.60105914,4,0.079174397,324.9786286,0.947655142,0.674414644,1
726.jpg,0.622736156,12,0.06280875,330.7821093,0.920790748,0.685544098,1
727.jpg,0.655442247,12,0.047195511,327.1752352,0.797660666,0.697727564,1
728.jpg,0.549317713,8,0.083637,332.2057174,0.996828322,0.672963616,1
729.jpg,0.375886337,26,0.184396141,104.505658,0.794633561,0.680267681,1
730.jpg,0.630545147,6,0.075818933,325.0755697,0.942351385,0.673717572,1
731.jpg,0.566328542,10,0.085610354,325.7568661,0.949671566,0.672915118,1
732.jpg,0.666475142,4,0.053131432,326.6937917,0.868110646,0.690343099,1
733.jpg,0.578734165,4,0.084391114,325.5707627,0.946658976,0.672527609,1
734.jpg,0.61466072,14,0.074052597,326.1886492,0.93441039,0.677220361,1
735.jpg,0.668367447,8,0.052882432,327.7643996,0.856842166,0.691762779,1
736.jpg,0.593922582,12,0.074222191,323.8625472,0.942405499,0.673744542,1
737.jpg,0.338256162,30,0.084677778,324.2559697,0.983651877,0.664903344,1
738.jpg,0.384558592,24,0.133343081,328.8339529,0.945699018,0.675488374,1
739.jpg,0.645840807,10,0.070596591,325.7280175,0.934082642,0.674662734,1
740.jpg,0.599166919,10,0.067254974,327.8742292,0.964389209,0.677213766,1
741.jpg,0.431407415,22,0.127368912,328.5590253,0.928320989,0.683773315,1
742.jpg,0.577667038,6,0.053778053,330.2588767,0.857934252,0.677196484,1
743.jpg,0.638996311,6,0.069624384,326.440832,0.951778672,0.680733919,1
744.jpg,0.439576775,18,0.152484788,337.2288257,0.932773981,0.682386956,1
745.jpg,0.379330919,26,0.145722471,325.4948508,0.93397835,0.675905371,1
746.jpg,0.632750021,8,0.075748151,328.9104362,0.971447287,0.676250989,1
747.jpg,0.663545719,4,0.046942857,333.6661301,0.838465262,0.695882816,1
748.jpg,0.577054138,12,0.054693617,376.8234,0.845751861,0.712364553,1
749.jpg,0.652897291,12,0.051039328,326.8233501,0.796397031,0.692834033,1
750.jpg,0.518854904,8,0.15892332,93.594529,1.14947384,0.611671825,1
751.jpg,0.60927649,14,0.078274669,326.8179977,0.969658034,0.675950799,1
752.jpg,0.616737471,10,0.127662141,94.21792921,1.06672747,0.627305134,1
753.jpg,0.623327288,6,0.088153713,326.6761266,0.977523397,0.666233834,1
754.jpg,0.568702744,10,0.036521164,618.5493153,0.834987438,0.712291964,1
755.jpg,0.63182605,8,0.111603746,91.97129924,1.003364069,0.630040203,1
756.jpg,0.585175019,6,0.083514499,325.4397529,0.945789551,0.673119293,1
757.jpg,0.699882567,6,0.064497408,324.8613209,0.936084599,0.679432135,1
758.jpg,0.622063401,6,0.092372008,325.563798,0.940080085,0.675880116,1
759.jpg,0.625670181,10,0.071686636,327.0483655,0.939292933,0.681740022,1
760.jpg,0.599927202,4,0.122910566,91.55363901,1.08458054,0.623980899,1
761.jpg,0.492568605,12,0.130918852,324.4426572,1.008268994,0.656417777,1
762.jpg,0.579510558,10,0.143726315,90.64923008,1.081970054,0.619273722,1
763.jpg,0.506185018,14,0.174869481,92.85592388,1.145620424,0.604464358,1
764.jpg,0.501614181,6,0.165502762,94.81775035,1.167857561,0.610599817,1
765.jpg,0.603646636,6,0.089830659,329.2256575,0.99420047,0.66780069,1
766.jpg,0.502250299,8,0.040465225,821.6867912,0.884613346,0.704013742,1
767.jpg,0.649702306,12,0.060982889,326.7922145,0.896277038,0.687335913,1
768.jpg,0.659128362,10,0.0593638,328.1367764,0.889309066,0.687958012,1
769.jpg,0.606921375,6,0.074890369,323.6103121,0.956985039,0.674195255,1
770.jpg,0.553449244,8,0.105465973,329.215383,1.004131596,0.662953899,1
771.jpg,0.567106897,12,0.032286431,391.8275464,0.709619657,0.721807444,1
772.jpg,0.598703184,8,0.086846589,327.0910073,0.974628748,0.670256169,1
773.jpg,0.626862389,6,0.084992382,326.8522089,0.964790469,0.667647209,1
774.jpg,0.57076661,8,0.102385758,325.2899979,0.962465524,0.664161063,1
775.jpg,0.567760364,8,0.168070607,91.90327737,1.145901645,0.607207575,1
776.jpg,0.549524461,8,0.088351791,325.4523951,0.98489864,0.666765819,1
777.jpg,0.583057362,20,0.076539843,324.0553978,0.905147163,0.683305195,1
778.jpg,0.560573672,8,0.122886907,324.7490836,0.95662178,0.668482931,1
779.jpg,0.609759121,8,0.08975342,328.3130308,0.97727077,0.671151403,1
780.jpg,0.627148934,6,0.076324151,328.26218,0.980617252,0.674838454,1
781.jpg,0.713110793,4,0.041352586,324.3584729,0.77098415,0.701105812,1
782.jpg,0.641864653,2,0.074713015,325.8506679,0.967646482,0.676426607,1
783.jpg,0.671508289,4,0.065164739,325.1051191,0.930257958,0.681424382,1
784.jpg,0.58175013,10,0.073741846,331.3805495,0.958136078,0.680850311,1
785.jpg,0.504075553,8,0.040357232,432.850487,0.774984185,0.736259327,1
786.jpg,0.567696683,6,0.083536807,328.002065,0.991808817,0.671799999,1
787.jpg,0.678165533,12,0.057904151,391.7023766,0.829937013,0.705405707,1
788.jpg,0.631519945,8,0.074864217,327.1061731,1.023068499,0.669602783,1
789.jpg,0.62089723,6,0.077430407,328.4411629,0.989820663,0.674627108,1
790.jpg,0.602811677,12,0.061592584,328.6692952,0.912921901,0.690082809,1
791.jpg,0.592806368,6,0.142996784,92.29456079,1.096136575,0.617243773,1
792.jpg,0.726756471,4,0.052371024,325.0204283,0.86690086,0.685538154,1
793.jpg,0.647395665,12,0.078907113,326.4162163,0.963814137,0.667525701,1
794.jpg,0.608766741,6,0.094978552,324.694299,0.954942491,0.672283494,1
795.jpg,0.577073528,10,0.098086963,329.2796144,1.001795192,0.665995748,1
796.jpg,0.624366617,8,0.046040257,331.5895259,0.851753351,0.685856806,1
797.jpg,0.608015034,8,0.090917952,326.0509842,0.967905863,0.665647489,1
798.jpg,0.615664609,10,0.069204407,322.717172,0.946488567,0.677970173,1
799.jpg,0.62512499,6,0.072692074,327.4339128,0.967296358,0.676378952,1
800.jpg,0.571027161,8,0.106636189,324.854688,0.982850721,0.662836633,1
801.jpg,0.652639806,6,0.072533067,325.8789612,0.956174221,0.679748105,1
802.jpg,0.534779711,6,0.099586409,329.9998939,0.978747894,0.669639978,1
803.jpg,0.495846787,8,0.114268895,326.7680531,0.987744841,0.661853902,1
804.jpg,0.620018231,10,0.041274175,363.3535646,0.768358805,0.714437465,1
805.jpg,0.635654249,6,0.069317384,328.0681259,0.963819987,0.675459213,1
806.jpg,0.661585871,10,0.105417326,88.6114461,0.968242255,0.62922625,1
807.jpg,0.575314201,4,0.087898488,327.7505135,0.982566136,0.670853083,1
808.jpg,0.608640053,14,0.077466311,323.9812633,0.917483484,0.678766443,1
809.jpg,0.594608509,10,0.093015502,323.3511437,0.913885886,0.681664772,1
810.jpg,0.56749821,6,0.100051723,327.5141843,0.983672821,0.66473105,1
811.jpg,0.483594637,10,0.099285322,331.3810263,0.954406171,0.675204079,1
812.jpg,0.510627747,6,0.112173706,333.6316671,1.028152708,0.659461738,1
813.jpg,0.560176827,16,0.097608307,334.0760155,1.055517286,0.663938524,1
814.jpg,0.589351092,10,0.078957516,324.3011061,0.94729106,0.672492871,1
815.jpg,0.529851918,8,0.155635607,93.63270398,1.146066355,0.610028869,1
816.jpg,0.600927622,10,0.073454603,332.3888861,0.943894158,0.685737327,1
817.jpg,0.65057566,12,0.056679846,329.2842442,0.875980421,0.690257497,1
818.jpg,0.637021437,6,0.097359017,327.6912367,0.902922944,0.682810209,1
819.jpg,0.631599628,4,0.082775313,328.5051056,0.996714716,0.669886548,1
820.jpg,0.579222637,8,0.079813005,325.3789626,0.958184622,0.670891072,1
821.jpg,0.605269532,14,0.060906349,328.9979599,0.824799635,0.706975996,1
822.jpg,0.597872734,6,0.101364403,328.8251038,1.016327503,0.658062011,1
823.jpg,0.743793159,8,0.03510932,326.3962249,0.728602366,0.709040206,1
824.jpg,0.346241083,20,0.146139856,413.6233719,1.028466446,0.683265276,1
825.jpg,0.584692986,10,0.085974014,325.4501855,0.938299044,0.67455574,1
826.jpg,0.573755474,8,0.084899748,325.7202125,0.948000798,0.673085968,1
827.jpg,0.497836673,6,0.119560727,330.703292,1.068953107,0.653899711,1
828.jpg,0.616198002,12,0.069750781,332.0148987,0.970077508,0.682153198,1
829.jpg,0.390077126,28,0.172998966,155.1077866,0.816220115,0.677909722,1
830.jpg,0.629891018,12,0.105243574,94.12583952,0.963114371,0.638780782,1
831.jpg,0.204838458,26,0.179463198,211.470306,0.961836507,0.684233073,1
832.jpg,0.507358774,6,0.088337938,731.7947136,0.937480934,0.695709381,1
833.jpg,0.634847642,6,0.078783913,327.6700559,0.977454382,0.673944138,1
834.jpg,0.679554482,8,0.049726506,327.6221253,0.837779122,0.694198539,1
835.jpg,0.563923685,12,0.090814504,323.8587783,0.943054021,0.667762083,1
836.jpg,0.597335316,6,0.101054485,324.7147155,0.960744752,0.668737362,1
837.jpg,0.619503914,8,0.046951185,331.5945982,0.882008822,0.686345385,1
838.jpg,0.592265187,8,0.083980216,327.6199625,0.969876101,0.671996107,1
839.jpg,0.647645154,8,0.05631233,322.137498,0.85463241,0.686563701,1
840.jpg,0.596703403,8,0.091763898,327.5270716,0.979154659,0.665273872,1
841.jpg,0.594939639,4,0.081398139,325.6487159,0.951230501,0.672559945,1
842.jpg,0.426908029,20,0.113443959,36591.42172,1.025425813,0.70904574,1
843.jpg,0.618692563,6,0.067308451,323.1682126,0.943893112,0.677369805,1
844.jpg,0.50782226,16,0.083252646,464.6188738,1.149725467,0.686920537,1
845.jpg,0.61101901,8,0.091535399,328.169814,0.963139575,0.672561321,1
846.jpg,0.612260488,6,0.08057366,328.6587856,0.97242466,0.675367721,1
847.jpg,0.641945587,8,0.047339851,331.5855411,0.849114754,0.686574066,1
848.jpg,0.66173387,4,0.059846766,326.6775002,0.888399784,0.681063796,1
849.jpg,0.557965589,12,0.131814334,91.52972796,1.109340962,0.618945746,1
850.jpg,0.570802803,4,0.13370453,91.63157774,1.060246331,0.622210506,1
851.jpg,0.531135726,8,0.101071237,330.0838274,0.986301219,0.667652601,1
852.jpg,0.612842755,8,0.08463031,327.5095477,0.983148611,0.669532015,1
853.jpg,0.659035128,4,0.057805442,327.6718761,0.879252313,0.687302295,1
854.jpg,0.631561982,6,0.070348599,325.7453043,0.955051131,0.680334765,1
855.jpg,0.656948185,10,0.064700834,327.0031619,0.930530907,0.683386808,1
856.jpg,0.325598708,28,0.17089965,189.6095867,0.870320459,0.669650083,1
857.jpg,0.696603706,12,0.043182895,322.7373175,0.799582689,0.694216443,1
858.jpg,0.58177172,12,0.088624655,326.7932877,0.937766337,0.672327513,1
859.jpg,0.671654276,4,0.045444638,327.2637921,0.827394355,0.68620456,1
860.jpg,0.632071666,10,0.064451517,327.9903738,0.925189442,0.683899347,1
861.jpg,0.530146271,12,0.170742096,105.0403556,1.226168461,0.601951981,1
862.jpg,0.621583546,12,0.066752821,326.84768,0.918325279,0.684033872,1
863.jpg,0.616806475,6,0.084105052,327.9523385,0.961490161,0.675118425,1
864.jpg,0.602664144,6,0.094145377,329.087533,0.99005987,0.666068675,1
865.jpg,0.615732626,8,0.084372726,327.541287,0.984499567,0.6714794,1
866.jpg,0.630816255,8,0.081792415,326.8663543,0.967636369,0.668713842,1
867.jpg,0.522355517,10,0.111327661,329.7634766,1.0358867,0.658064346,1
868.jpg,0.591734698,8,0.101900859,328.3947659,0.964266776,0.66542145,1
869.jpg,0.608952135,12,0.071947432,368.9131221,0.991823741,0.69251554,1
870.jpg,0.595271056,6,0.085624775,330.1135757,0.97148889,0.678494548,1
871.jpg,0.40565531,26,0.162019436,275.7561444,0.850682726,0.690632246,1
872.jpg,0.373928474,22,0.0724579,15532.92314,0.97353068,0.713389797,1
873.jpg,0.625558903,6,0.080591752,327.3923939,0.961144114,0.674969472,1
874.jpg,0.576284242,12,0.0886977,326.7819677,0.961893465,0.674056642,1
875.jpg,0.356959719,26,0.051802504,5416.735631,1.028608429,0.726053886,1
876.jpg,0.634115372,10,0.068504309,326.4579162,0.934359392,0.683429472,1
877.jpg,0.64354477,6,0.07425835,326.0945696,0.971853767,0.675602459,1
878.jpg,0.664179061,4,0.058796222,325.5711478,0.893574709,0.685603342,1
879.jpg,0.632819109,8,0.071328929,326.8410341,0.925234118,0.678294545,1
880.jpg,0.734042731,8,0.046750115,324.0926207,0.796068527,0.691406052,1
881.jpg,0.662015482,4,0.06216033,327.0847503,0.866398441,0.683741642,1
882.jpg,0.378961376,26,0.145146729,327.0744863,0.990620361,0.662878354,1
883.jpg,0.264358513,38,0.060984991,488.7772018,1.006203377,0.703288555,1
884.jpg,0.403850268,26,0.174064696,151.9861345,0.832352057,0.675039437,1
885.jpg,0.445879849,26,0.038027407,7630.782798,0.846760883,0.736393509,1
886.jpg,0.744063167,8,0.038426766,326.2207949,0.723559749,0.706138116,1
887.jpg,0.636670543,6,0.080589879,328.2515322,0.978961548,0.672922063,1
888.jpg,0.651644892,10,0.07016983,326.8776203,0.924043349,0.672573055,1
889.jpg,0.573200733,10,0.07195491,727.9458085,0.913610417,0.697514846,1
890.jpg,0.594122754,10,0.08588361,327.8697723,0.982786481,0.669742889,1
891.jpg,0.507518529,18,0.127453368,342.0692822,0.987608031,0.67119043,1
892.jpg,0.537900058,6,0.118471435,327.0081536,0.983792428,0.662400812,1
893.jpg,0.655973216,10,0.058576183,328.2212058,0.880340063,0.685440088,1
894.jpg,0.276465333,26,0.057517703,606.8765102,1.041688715,0.716010357,1
895.jpg,0.377154177,28,0.15826268,328.8944441,1.000562264,0.658069832,1
896.jpg,0.493306235,10,0.111854386,331.0590942,1.037121635,0.659169602,1
897.jpg,0.601426002,6,0.089743945,328.833631,0.971646711,0.67245851,1
898.jpg,0.65775626,12,0.057779157,329.3477879,0.86026729,0.691604793,1
899.jpg,0.569428336,8,0.099617315,329.6063531,1.020673078,0.661449537,1
900.jpg,0.589514966,6,0.090541803,328.7452031,0.991576727,0.667759601,1
901.jpg,0.638794659,6,0.079989625,326.2226245,0.97567136,0.669300508,1
902.jpg,0.61689371,6,0.088122253,328.8859929,0.984461419,0.670766201,1
903.jpg,0.622605019,6,0.081193624,327.4753744,0.959393021,0.675356676,1
904.jpg,0.626807223,6,0.080839688,326.5865036,0.982387428,0.67311067,1
905.jpg,0.493188817,12,0.105444993,331.1438974,1.020977851,0.662281147,1
906.jpg,0.566844786,16,0.085466119,324.4076938,0.962426207,0.670207449,1
907.jpg,0.393826482,24,0.07883733,1238.29977,0.980543288,0.695335237,1
908.jpg,0.254073915,24,0.092282553,708.0694537,1.093384351,0.70479776,1
909.jpg,0.513456497,8,0.109883799,329.4164407,1.021017953,0.659755256,1
910.jpg,0.652378771,4,0.069793246,325.5407384,0.979287175,0.677056189,1
911.jpg,0.638007896,6,0.076814535,326.6899146,0.984466968,0.674118897,1
912.jpg,0.617086459,6,0.084319865,328.0719491,0.957834854,0.675124311,1
913.jpg,0.599504184,6,0.082883326,327.7179367,0.994225373,0.670043167,1
914.jpg,0.514798243,16,0.084192296,491.4288124,1.000551142,0.687202898,1
915.jpg,0.601282999,4,0.088975528,329.6879679,0.976289436,0.67249305,1
916.jpg,0.639736295,4,0.07564696,328.6749112,0.98314231,0.674740402,1
917.jpg,0.538778532,18,0.108084584,335.6988303,1.055763751,0.667063956,1
918.jpg,0.59990827,4,0.094942598,328.8152322,0.987033601,0.668396589,1
919.jpg,0.428308509,24,0.145477269,329.0431632,0.911550866,0.6856253,1
920.jpg,0.635658473,8,0.075968719,327.5338854,0.978533728,0.675519021,1
921.jpg,0.709179862,6,0.061118823,324.5860856,0.919561035,0.679424535,1
922.jpg,0.660627264,12,0.05673075,329.0214408,0.868514803,0.690577579,1
923.jpg,0.418057105,14,0.139710078,339.3712781,0.991181812,0.662544567,1
924.jpg,0.623980392,14,0.069139659,327.3183909,0.947004479,0.682300584,1
925.jpg,0.641024166,10,0.058783068,329.7626017,0.879446564,0.688885025,1
926.jpg,0.621535176,8,0.064893834,330.0676699,0.917584978,0.685441695,1
