file,ssi,hash,cor,chi,inter,bha
0.jpg,1.0,0.0,1.0,0.0,1.0171167378832706,0.0
1.jpg,1.0,0.0,1.0,0.0,1.0171167378832706,0.0
2.jpg,0.40998312119819674,28.0,0.01675507491178265,424943.24181746424,0.06469305909263312,0.9682488644864528
3.jpg,0.8738515895290415,24.0,0.9999225629653916,1.8784103206252967,1.0124509351910547,0.250489976859787
4.png,0.7370403932572086,20.0,0.9997440734320515,6.328070665757965,1.0061106573054985,0.17536122559962378
5.jpeg,0.7243005742583898,18.0,0.9996943841519021,3.3490518324736143,1.0097292185928382,0.17034196323378284
6.jpg,0.6614648897113243,30.0,0.9998449950134679,19.58834025431452,1.0049286713320953,0.17079926126843947
7.png,0.5897405336537102,22.0,0.9978097363813406,35.445768790358905,1.0112211856556996,0.34044123204044124
8.jpg,0.7132430700097592,24.0,0.9998603018209185,1.1110895802917007,1.0074861105624677,0.1682789432988719
9.jpg,0.9429815403763782,14.0,0.999970011231803,0.22911023230374983,1.0061322952308274,0.08526100635192582
10.png,0.7821044959483169,22.0,0.9999979289165407,0.794056885351031,1.0122429369323527,0.06241196909389751
11.jpeg,0.7374663642266283,16.0,0.9999732999366566,0.0791198681533459,1.0056501531576032,0.08236435351525076
12.jpg,0.7251697435869581,32.0,0.9996942057667662,2.5270880922771384,1.007235624754685,0.14723265448827244
13.jpg,0.5389758461596306,32.0,0.9961276571860889,272.118204752372,1.0160018764775032,0.4684949549944645
14.jpg,0.41117609439222835,38.0,0.36423430847437055,132978.9169620034,0.6450241937507144,0.8634597481401718
15.jpg,0.4258718534750505,36.0,0.9979410384739739,265.36780871628486,1.0171051620318394,0.5145695693216894
16.jpg,0.7180290189737204,24.0,0.9998249632176487,3.3286852537861846,1.0119656100416705,0.23692311250095263
17.jpg,0.7313496238458344,18.0,0.999916971791229,1.0358395804412703,1.0087762941418532,0.14867036988451557
18.jpg,0.7313496238458344,18.0,0.999916971791229,1.0358395804412703,1.0087762941418532,0.14867036988451557
19.jpg,0.48156384336983993,24.0,0.9972605662198587,87.4036040505557,1.016857176170106,0.4606494048861856
20.jpg,0.5621980479419209,24.0,0.9984669167755218,10.723167597953388,1.0167054894386638,0.36548673037064633
21.png,0.6394803866472274,20.0,0.9996661037563767,15.249142697982016,1.0101115526888407,0.2711435353517871
22.webp,0.6355489011747837,32.0,0.9976099778066926,44.69143759123557,1.0166538307014434,0.342597919992744
23.png,0.4516466963515627,38.0,0.9996307607118765,33.53182278698721,1.0141335704868197,0.43166247948252534
24.jpg,0.4972658130069989,30.0,0.9958204282198925,1650.7100177832576,1.0161697908376937,0.5190977521544767
25.webp,0.6924834840513185,32.0,0.9985731080391385,83.76969794874293,1.016103910956872,0.2737576234661386
26.jpg,0.18845857877233518,26.0,0.40949790251199686,347604.1471050121,0.9075177462018473,0.9030643064689715
27.png,0.643138264543165,28.0,0.9999457095915059,1.7814461674279378,1.0044804458459566,0.2927831242386026
28.jpg,0.6765022501454114,24.0,0.9997598718221207,1.989729309030169,1.011160135513478,0.1981558227058199
29.png,0.7123338984221955,26.0,0.9999366436454906,4.997229547653113,1.0088801720944502,0.18169596790581297
30.png,0.6524358174221043,36.0,0.9998989584786897,2.460652630135566,1.009602752475871,0.2321792886162521
31.png,0.6216662768589553,34.0,0.9996785069698708,23.817290512548812,1.0077080690828097,0.3051123232986578
32.png,0.7246612926835978,28.0,0.9917702296994491,209.24343611960617,1.0064405990740397,0.32200179933529105
33.jpg,0.7043297519664761,28.0,0.9996180811612967,16.508509248518514,1.0112320041723706,0.24381520292590733
34.png,0.6893657773593307,30.0,0.9999653603492235,10.441808227058507,1.0109123443203316,0.15792564896697164
35.jpg,0.1627405722258527,30.0,0.19297951820928338,2186570.6277656006,0.8255526179073058,0.9366906480842783
36.png,0.6386385653597746,30.0,0.9997875488638088,21.36249322946362,1.008820907207678,0.251094048644967
37.png,0.6182837544299764,24.0,0.999570427244463,14.276255553709781,1.0132070037359426,0.2618769155667121
38.jpg,0.2531860249239957,32.0,0.08792457421184567,585581.4489161926,0.22875741696248042,0.9463778981635783
39.jpg,0.6811809708110695,28.0,0.9999693018217318,0.07045338714037697,1.0035104837472772,0.10152619848752312
40.png,0.6063974339912698,22.0,0.9998458032231651,10.896243577723801,1.0090677159623738,0.26914680089608023
41.png,0.7142458357647749,26.0,0.999967379108535,2.517470315327037,1.0101685577736816,0.18383206364803445
42.png,0.6240187242395515,30.0,0.999354375319932,121.18061470108144,1.009630845575657,0.33206367261167785
43.jpg,0.5615776966859316,34.0,0.9996879436484981,11.51008573551279,1.0130323537989625,0.2962797750048353
44.jpg,0.5615776966859316,34.0,0.9996879436484981,11.51008573551279,1.0130323537989625,0.2962797750048353
45.png,0.7370403932572086,20.0,0.9997440734320515,6.328070665757965,1.0061106573054985,0.17536122559962378
46.jpg,0.20310803429218285,30.0,0.17185654946769277,554608.2474460454,0.3177063915488816,0.9215798467592248
47.jpg,0.6395755424439314,32.0,0.9991199069573489,13.75144454064792,1.0167205009529425,0.30104805968257414
48.jpg,0.6430802786902615,30.0,0.999446856871814,5.9743605659954735,1.0147320354019485,0.22631128027177275
49.jpg,0.501859769038755,24.0,0.9926382111997457,664.2823119057583,1.0168807384161482,0.5372917903748496
50.jpg,0.6706221531071224,32.0,0.9999192124292812,0.029027541917047373,1.0002702593753838,0.12946137773454186
51.jpg,0.6847589010153752,26.0,0.9998832022262867,2.6901562416719065,1.0109056355703387,0.20624171525905635
52.jpg,0.5174497988840919,34.0,0.999835791440397,15.555526045189737,1.016186025002071,0.29811748084282125
53.jpg,0.6430802786902615,30.0,0.999446856871814,5.9743605659954735,1.0147320354019485,0.22631128027177275
54.jpg,0.7639559680568188,20.0,0.9999417765338491,7.370875448399119,1.0118088010679003,0.19531893469502457
55.jpg,0.6060761364589213,24.0,0.9969065296876033,330.27387340545005,1.0156008455110168,0.416949558927437
56.jpg,0.6311154386872407,22.0,0.9999265336173916,4.013219670027645,1.0131435320163291,0.23467776540766866
57.jpg,0.6695133326012658,28.0,0.9997175929545431,3.3976672787820927,1.01595488429939,0.21548281797848484
58.jpg,0.6909926780972829,24.0,0.9993974178776432,92.20726141360677,1.014891460420131,0.27705947329824354
59.jpg,0.6128683271514002,28.0,0.9998068469273945,13.867758679732942,1.0165969364834382,0.30137207433045454
60.jpg,0.5986668160022266,28.0,0.9999727606526725,0.09894697154265099,1.0029818134061088,0.08545639930135424
61.jpg,0.4465843259400461,30.0,0.9982807142913108,172.2436790098131,1.0168582585672539,0.5016416746180774
62.jpg,0.6149190447439115,24.0,0.9988361606714383,21.190602599691417,1.0167795618278888,0.33391046600035895
63.jpg,0.7874933700368147,20.0,0.9998207272651363,15.659003517540006,1.0099747858744195,0.26577877979583103
64.jpg,0.7157111740707839,24.0,0.9997611591614323,1.8732017938564287,1.0083624270926066,0.18048313214613315
65.jpg,0.7112448403881382,20.0,0.9995744713127265,44.1562125237168,1.0095809830798999,0.2475590650172105
66.jpg,0.7599544176476795,20.0,0.9999773613863687,0.11195756608695888,1.0091046554556442,0.1124752325590475
67.jpg,0.4343276488580702,34.0,0.71385859960287,143.45188783247116,1.0156233819698173,0.6755766827537799
68.jpg,0.2770033630375014,26.0,0.13973914599457518,606532.657411608,0.4040069810928344,0.9405471977611618
69.jpg,0.6817827067849684,28.0,0.9999624852721181,0.0860954985872018,1.003398994779218,0.08391047998839846
70.jpg,0.6877872767708839,32.0,0.9999732767854635,2.6591851040127934,1.0117231233004986,0.2028481570843318
71.jpg,0.6251700848251761,24.0,0.9994831497064218,6.454614042111154,1.0131515845665717,0.2860598436553914
72.jpg,0.7241378186056115,22.0,0.9999740712681778,0.7865789848511063,1.0076506317980147,0.1485942775823639
73.png,0.7008179149171437,18.0,0.9995420506086984,9.325539869287791,1.0075168311625475,0.1850238860308115
74.jpg,0.721131365360079,22.0,0.9985610016340177,41.72099510262457,1.0159285014485704,0.31797349679611997
75.jpg,0.7402090397811204,36.0,0.9997212793877398,10.3870038181166,1.0014052289474193,0.2178807113422332
76.jpg,0.517612982919887,32.0,0.010090337368436578,255281.988476392,0.02181954867614877,0.9553116122217206
77.jpg,0.2343206028096179,36.0,0.1538580494730512,141738.05258635562,0.21672645627904785,0.9347504384836564
78.jpg,0.4140783361724751,32.0,0.0131026550447696,441456.5169628937,0.057789111926240366,0.9733158956140403
79.jpg,0.2746612626094147,22.0,0.1459780782603808,1708689.8510604468,0.6102912671062768,0.9426669649661407
80.jpg,0.27962539199479824,30.0,0.20799656014864282,169381.35672484193,0.2820735458060426,0.9002612516741794
81.jpg,0.4906498668478161,20.0,0.03072160334683453,121995.3012466592,0.06212200176673832,0.9578204928224657
82.jpg,0.4893616907490528,34.0,0.9978782656118254,31.34015805530935,1.0165367323636474,0.49050305614465445
83.jpg,0.8302990870654523,26.0,0.9999695485392268,2.307267197081637,1.015615766785686,0.15294720900207268
84.jpg,0.6555178041578538,28.0,0.9997053908627882,6.627200974523336,1.0161885412757101,0.2894514497651562
85.jpg,0.5368868217225959,32.0,0.0023043994176050863,71695.20450980483,0.020325763960954646,0.9721107589695109
86.jpg,0.33908895843537984,34.0,0.7401282488974786,162403.24389400939,1.0168965651964754,0.8069348449989467
87.jpg,0.4416064165430655,32.0,0.1987693558182792,347021.7339660855,0.2687766837086656,0.8961244778494653
88.jpg,0.6071599851663982,32.0,0.9993184542049662,20.797029908741468,1.0152765661408694,0.3481001714059787
89.jpg,0.23771087904873006,32.0,0.0226077304674142,1624131.7231331782,0.10469506252525207,0.9640159928734435
90.jpg,0.6149311734383344,32.0,0.9311273699468019,58035.08894181042,1.0159176884033059,0.5774770035433537
91.jpg,0.5829510906031148,32.0,0.9666469398716017,842.7229949256157,1.0165116947187016,0.5328375154539842
92.jpg,0.536386957953606,34.0,0.6683519146177465,187646.29687627047,1.01642674539994,0.8569345847566544
93.jpg,0.6092822677691192,38.0,0.999663267366975,13.51656070515547,1.0161072236508062,0.29430077482856215
94.jpg,0.5240291542436413,40.0,0.0015401435469209663,156672.23027139666,0.02529254732735353,0.9768440005210856
95.jpg,0.3857569901912273,30.0,0.01741909139406605,13981.396918465985,0.0411027742686656,0.9595260767237715
96.jpg,0.5709323574274504,28.0,0.999637057059784,17.679831851002525,1.0168837830385655,0.36777105324947734
97.jpg,0.5846531540938242,32.0,0.46073073630194544,68537.08992905801,0.7274139808787368,0.785271752152321
98.jpg,0.27736532300481104,34.0,0.09611884800095698,386030.33221733104,0.3136112905253867,0.9526290948721338
99.jpg,0.48340364680778414,32.0,0.22449585727420293,1464165.0540727552,0.5864375242599635,0.9056251309621117
100.jpg,0.15129647764768778,30.0,0.016505285995644766,162599.55820946733,0.04724869869392023,0.9628601380149954
101.jpg,0.7591739107241261,26.0,0.9999072586849098,3.2275650962794518,1.0162951374715021,0.23116739774705597
102.jpg,0.16427014363844378,28.0,0.015256591471102234,458589.50207680126,0.057190142045328685,0.9743488366707237
103.jpg,0.29764629089375927,34.0,0.016547269953077322,1382043.826844099,0.06932996709429062,0.9720231445222469
104.jpg,0.30382276881032527,32.0,0.0021144978037721932,2277017.1178711844,0.04272854964392536,0.9785320228341493
105.jpg,0.18755219501389722,34.0,-0.0009166277549885579,21422.24551636169,0.009836906136797552,0.9865977082680398
106.jpg,0.23781043444745018,32.0,0.14441896119923853,1933335.0092652328,0.41206681965127245,0.9312555271087156
107.jpg,0.32815135027303854,30.0,0.008114170205695896,860500.7422922808,0.06251550045567456,0.9760937449070363
108.jpg,0.7279491888540883,16.0,0.9999598410134235,0.6714571771110461,1.0129513823330853,0.12592883039585218
109.jpg,0.6632475660838514,28.0,0.16127851375686353,35719.266378444794,0.17744472930985467,0.8140150612918611
110.jpg,0.287547373446587,36.0,0.14291566996242785,848117.8995194931,0.4164934184111644,0.9376684176118373
111.jpg,0.18206601826723495,38.0,0.30835971323615136,1838771.7881175098,1.0171018796042972,0.9275127553002611
112.jpg,0.5438238552305603,38.0,0.09572737472148166,80114.81434268173,0.23937772976432825,0.944315300080793
113.jpg,0.4907550121179512,36.0,0.9248765644831558,23500.53920832792,1.010943008680215,0.693431600334491
114.jpg,0.4277442512524979,32.0,0.01749634733053494,935157.9936932807,0.05727294052212528,0.9611547070299515
115.jpg,0.42974923552852984,32.0,0.022095735201767757,364589.85442242003,0.049316140873770564,0.9604472537958902
116.jpg,0.4609601431628711,26.0,0.3607915822154785,141339.1190044689,0.5964656681433098,0.857536396750715
117.jpg,0.3200594245339586,30.0,0.004761629368051045,606184.7457044114,0.042356039432434045,0.976596165219586
118.jpg,0.602463281744483,30.0,0.9982208037180271,98.60359118860893,1.0159360834688869,0.38878868104922587
119.jpg,0.38664481192931976,22.0,0.080062763759394,386798.9705916148,0.21803590292392983,0.952202185544067
120.jpg,0.6208486049824548,28.0,0.8856852439457654,2085.957714002184,1.0152678673832725,0.5542740428268873
121.jpg,0.6543147052544491,38.0,0.9934902019307513,110.65660805402479,1.0161288268959652,0.42152456890868295
122.jpg,0.41798374221858353,36.0,0.9791194152996484,1622.8564548703548,1.0165842528090252,0.5953928348194977
123.jpg,0.595531967898186,22.0,0.9997370610837496,28.437485683210124,1.0163364745114905,0.3180312509719215
124.jpg,0.7394446784656301,32.0,0.9979027574799986,202.28671293333198,1.0017951546291215,0.35145536406295186
125.jpg,0.48879400117619504,30.0,0.19496530125484848,1850.7989828350912,0.24115424503020222,0.8700215969409577
126.jpg,0.4663562104062306,26.0,0.8305773317139752,82983.79353485415,1.0170464987450032,0.7614172541687158
127.jpg,0.5508288617163225,32.0,0.0005780686021403507,128020.51763645792,0.011090833083471807,0.9807893271369285
128.jpg,0.4402201883475932,28.0,0.13937631620477997,27355.25935877539,0.27193502433397043,0.913509847781052
129.jpg,0.250156864841737,28.0,0.052411473935048684,105694.56312681836,0.13357693616740107,0.959059249205943
130.jpg,0.697373865793909,30.0,0.9994775045880313,22.73785671941259,1.0168191336761083,0.3198736520708561
131.jpg,0.4536728967956809,36.0,0.011814498853255086,561068.1014619977,0.058998921287411576,0.9708706278353636
132.jpg,0.31424005125942794,28.0,0.4497044406152652,484503.6188139743,1.016641272941115,0.8909610643959566
133.jpg,0.5984020435873099,30.0,0.9981382621326186,891.4124585662488,1.0164484125125455,0.4194228400862917
134.jpg,0.2570345461468558,22.0,0.621988623186874,127997.20217463325,1.0117625956138454,0.8439792188198885
135.jpg,0.640135065701201,24.0,0.9998448407549725,4.580474196692722,1.0157819713367644,0.20880019719448845
136.jpg,0.24050183590902252,30.0,0.5517825010492642,262889.6083266819,1.0168343709724468,0.8722169094055173
137.jpg,0.6278403754371621,40.0,0.3106748940257611,39242.11488616515,0.4171995167027944,0.8176511869679192
138.jpg,0.47714887893321317,26.0,0.03493144889648526,216830.92223971308,0.09405955034685576,0.9573646190267356
139.jpg,0.3398350824223899,24.0,0.5354469956677684,96172.89496062214,1.0169789611109081,0.8829296685172102
140.jpg,0.22518758212579626,30.0,0.2644033892431895,2555284.152261536,1.0170694019363964,0.9333563696282847
141.jpg,0.5284391970296979,22.0,-9.410443200818315e-06,701039.2792409401,0.010745605572310524,0.9844588328621791
142.jpg,0.3256124293581383,32.0,0.511998105050246,122529.22900698548,0.8317047268158149,0.8568491465800916
143.jpg,0.44788934454802554,32.0,-0.00014759663140150413,1432455.9427680688,0.007241545903980295,0.985075384957615
144.jpg,0.8447650801712719,12.0,0.9999813065702851,0.8842994030382382,1.008298263476263,0.12552262014811766
145.jpg,0.6221196588965177,28.0,0.9997909340800123,12.050951708796811,1.016663195999513,0.2994225650855926
146.jpg,0.29503831325708624,20.0,0.03413138099831918,915570.5628479731,0.12848117811654447,0.9655098700122975
147.jpg,0.21879057401906846,32.0,0.13779808923202455,748044.5308315047,0.30717592724522547,0.9400761791803095
148.jpg,0.6043391877445162,40.0,0.7182054716857139,18450.762757506025,1.0079360300055669,0.694151614247099
149.jpg,0.8972354966344385,0.0,0.9999704626073632,0.03446788054849768,1.0011824445557522,0.07987614107553818
150.jpg,0.5861083672641917,28.0,0.35737750818267855,58608.57191080835,0.6282344260953323,0.8725709219913944
151.jpg,0.402633269806916,28.0,0.4623943528930876,219799.01945937824,1.0167128628343107,0.8889282200837545
152.jpg,0.5413044130644847,32.0,0.7500250905178399,63357.39563168488,1.0159527489256561,0.8284301528702964
153.jpg,0.31308203841039245,34.0,0.031991625343156097,220839.6996427037,0.11844188035206571,0.9625251596389413
154.jpg,0.18923711702224166,38.0,0.2258369609411765,54220.433732255966,0.4144315861715313,0.9157293333796831
155.jpg,0.4918766134719878,30.0,0.01090699150189479,207660.40234743166,0.04306284634731128,0.9690110392651635
156.jpg,0.5675630894611314,24.0,0.9982613240522081,42.200693372366466,1.0163214997589876,0.3708881753597587
157.jpg,0.5129199524332392,30.0,0.011163368525976883,110384.2921715395,0.04100440868728583,0.9636848108130853
158.jpg,0.7174792389241722,20.0,0.9999522202581671,5.584522531945343,1.0126722195923321,0.18214208956450945
159.jpg,0.5115057036898989,26.0,0.2139226794996574,869313.2706648312,0.3423800361397298,0.8840830269296897
160.jpg,0.5531775729795034,24.0,0.9997902172713022,12.529147748983574,1.0165260840999508,0.32121403219354755
161.jpg,0.6246454597616742,34.0,0.9923595430428683,1267.3759212865189,1.013929387234839,0.575262401215697
162.jpg,0.3477692276381555,30.0,0.9395069539019986,15303.61544990911,1.0170329912173202,0.7308279454004498
163.jpg,0.17957532533708062,30.0,0.261818294630552,2122377.9411056982,1.0168973509125863,0.9287929850007286
164.jpg,0.23041888797044538,30.0,0.7887794317762019,50837.763593302945,1.0086422844608478,0.829002323686504
165.jpg,0.3121046344416501,30.0,0.022451198230763574,504875.5079462152,0.07819202237283207,0.9631424884997427
166.jpg,0.5230991792133536,28.0,0.9157126091089657,10811.611692770775,1.0167567561115902,0.6558355968599884
167.jpg,0.4553634329750716,30.0,0.009821421336642901,423937.2422370386,0.044571884352080815,0.969514516123635
168.jpg,0.531299102701203,34.0,0.9994873319613188,35.6968318744004,1.015661106941593,0.34225016002973263
169.jpg,0.6634229865942646,34.0,-0.0015365832794483408,127097.82377344591,0.0010004776747791766,0.9980575175383113
170.jpg,0.3477172213813523,34.0,0.2914249935927529,1068849.1840414596,0.6924122816624276,0.8926981114361682
171.jpg,0.4317709436889334,28.0,0.0016677454825227529,852763.1515410537,0.013525765009489987,0.9772687234039538
172.jpg,0.11204278550081039,38.0,0.1585480046681806,1417412.7100433502,0.5783873410589422,0.9466858914726282
173.jpg,0.5522889460556474,26.0,0.004487405966847024,553538.7375336192,0.03179433297032119,0.9717432777269284
174.jpg,0.0579595620350879,36.0,0.0010502941252169022,19068.835960409866,0.009544842847617474,0.9717790826950619
175.jpg,0.4779023454297268,28.0,0.003103199124996334,850863.7642186756,0.03382691698288909,0.9793896020169014
176.jpg,0.29589050039633863,30.0,0.7570019424742578,112397.72916300522,1.0170478494981126,0.8367849739777549
177.jpg,0.2111681857618456,18.0,0.0019842550766026187,4066515.327077102,0.06432226456809076,0.9788747245979987
178.jpg,0.652304758885375,28.0,0.9998989490889821,5.018202804989126,1.0161161745062373,0.223588567158835
179.jpg,0.4650469125602641,26.0,-0.0012091897674456151,46317.59745127818,0.006210166056689559,0.9890653206032205
180.jpg,0.30444188369150393,36.0,0.12153407469108758,822720.1620719149,0.28098838088340017,0.9340663027255467
181.jpg,0.5081233333704495,28.0,0.24069781522406247,787616.1885195789,0.6073942397099472,0.8996326840554719
182.jpg,0.22771819822739117,30.0,0.04358561896692986,1916162.7641776304,0.24718166171692246,0.9666161301625872
183.jpg,0.003768308690812189,34.0,0.9999661988647695,0.02885516365470846,1.0001630208157621,0.1008609035266144
184.jpg,0.2754916464949295,32.0,0.38108109720948075,144951.56253311978,0.5818888476458142,0.8874314290555743
185.jpg,0.7810851074938637,36.0,0.5095172194924064,107781.7057228148,0.5988777790487347,0.6579952058335358
186.jpg,0.6992444260769412,14.0,0.999967951821469,0.01711673788327417,0.9999999403953552,0.09192412341987691
187.jpg,0.6624339096259904,30.0,0.999594575841072,14.750840328013128,1.0164160011522654,0.2780774712341124
188.jpg,0.647481762036132,28.0,0.9983229992849431,23.498560025126928,1.0163882736494543,0.3059549501896797
189.jpg,0.5345012429856949,28.0,0.9997643915294363,23.869700661718248,1.0166423116828582,0.3418458085840422
190.jpg,0.5742087024616062,24.0,0.9997680582002788,9.541470605975354,1.016719298891644,0.28922378305325724
191.jpg,0.6681467617380901,24.0,0.9999296656940966,1.8849472301000565,1.0009869146856545,0.18164462833188358
192.jpg,0.6309858055071327,26.0,0.9998788790781276,9.95059501057414,1.0007522154933213,0.17090743832791064
193.jpg,0.34912705026158675,28.0,0.13206356853173287,577129.580086098,0.4061372809794648,0.938065878748539
194.jpg,0.6775869472971522,20.0,0.9984830034352868,173.82993844110746,1.0166109024115713,0.3103724833739319
195.jpg,0.708704410758279,28.0,0.9994191201869758,2.5261382545619213,1.014154312907067,0.18528887295565832
196.jpg,0.6227877568078372,16.0,0.9995760345618323,15.704817843207653,1.0136113269675207,0.20751257905389855
197.jpg,0.343141035370693,38.0,0.9987327357765111,158.16185739353512,1.0166753499161132,0.480870698694889
198.jpg,0.7058956070679705,16.0,0.9998120783644727,3.669772973811232,1.0157450011604396,0.2278667804347603
199.jpg,0.5112982769299061,36.0,0.9986068547545699,81.83493917520444,1.0165906287256803,0.42701297906285546
200.jpg,0.6192386712876575,24.0,0.9998395369554857,23.531636326910178,1.0162470440941433,0.2911967119234687
201.jpg,0.6755091502950145,28.0,0.013221143205732803,1607.0941167472045,0.019740739120834405,0.9425485304329415
202.jpg,0.4337113001196686,28.0,0.9969958223655054,266.55029033595207,1.0164435094366127,0.41426032331732243
203.jpg,,,,,,
204.jpg,0.5541317992493205,22.0,0.00849271090955598,343777.6665779525,0.03286265437645852,0.96525134560751
205.jpg,0.5645789709442097,24.0,0.32412490846217284,201038.79414120092,0.4493110046366837,0.8496417971211137
206.jpg,0.4742606017355859,32.0,0.012731511407901538,145866.7065997986,0.06459432350834504,0.9715564636305233
207.jpg,0.22386949152327623,24.0,0.10382913450293986,1010333.2751361174,0.30160913022473324,0.9428279467019656
208.jpg,0.5866571326817616,28.0,0.9968388346605463,125.1240569775705,1.016882043907117,0.4488254372495029
209.jpg,0.7294620181855218,28.0,0.9999781119236609,1.4245451881884674,1.0127758816774985,0.1493098908900601
210.jpg,0.40940461317559174,28.0,0.49620473606109866,206932.80583588133,1.0170910139784155,0.8718971633444874
211.jpg,0.36147964034863783,34.0,0.4002445242306509,534577.6263439538,1.0168087662730159,0.9223505747444956
212.jpg,0.1542187422880526,32.0,0.9673373465432666,6954.995570664444,1.0170991780983059,0.7122448150385069
213.jpg,0.44226160595792796,34.0,0.08472638573270462,1392050.030038152,0.25768492080487704,0.9499877592515069
214.jpg,0.3508225541082571,36.0,0.030213660785232972,1717653.693201519,0.13076112940325402,0.9613386830600346
215.jpg,0.6141016957052223,26.0,0.999967951821469,0.01711673788327417,0.9999999403953552,0.09192412341987691
216.jpeg,0.6457384171381879,30.0,0.9982548514121474,82.21546231627936,1.0161855152514363,0.3868147074983558
217.png,0.6767597700118779,30.0,0.9999800601418212,0.829290990778256,1.012512797880163,0.09574231930096598
218.png,0.6235125828632246,24.0,0.038393617584310355,254716.53531251865,0.06577253784394088,0.9330201764090945
219.png,0.503416034218958,30.0,0.9983197109015726,58.9984579260545,1.0123732265162744,0.4645558392999264
220.png,0.6168946696576966,24.0,0.9997350585742,17.580400754802344,1.011800818813981,0.3123044707306974
221.jpg,0.708304878020882,20.0,0.9997832654054305,1.6984665950107039,1.0078852863607608,0.19649678274455068
222.jpg,0.7277068068424121,30.0,0.9999046552092289,1.195075586051256,1.0077508158872206,0.16804654135043273
223.jpg,0.8815365668785653,24.0,0.9997887643141464,5.603163316613202,1.0114954617149579,0.24417313012196695
224.png,0.4964159567949879,38.0,0.9992486528442388,37.06954283756996,1.004644844930226,0.23669264096808718
225.jpg,0.7129952871251034,36.0,0.9989767470334464,4.264350953360223,1.000520413661775,0.21690689748888786
226.jpg,0.8972354966344385,0.0,0.9999704626073632,0.03446788054849768,1.0011824445557522,0.07987614107553818
227.jpg,0.6775869472971522,20.0,0.9984830034352868,173.82993844110746,1.0166109024115713,0.3103724833739319
228.jpg,0.5368868217225959,32.0,0.0023043994176050863,71695.20450980483,0.020325763960954646,0.9721107589695109
229.jpg,0.33908895843537984,34.0,0.7401282488974786,162403.24389400939,1.0168965651964754,0.8069348449989467
230.jpg,0.4416064165430655,32.0,0.1987693558182792,347021.7339660855,0.2687766837086656,0.8961244778494653
231.jpg,0.5829510906031148,32.0,0.9666469398716017,842.7229949256157,1.0165116947187016,0.5328375154539842
232.jpg,0.640135065701201,24.0,0.9998448407549725,4.580474196692722,1.0157819713367644,0.20880019719448845
233.jpg,0.18206601826723495,38.0,0.30835971323615136,1838771.7881175098,1.0171018796042972,0.9275127553002611
234.jpg,0.6092822677691192,38.0,0.999663267366975,13.51656070515547,1.0161072236508062,0.29430077482856215
235.jpg,0.23771087904873006,32.0,0.0226077304674142,1624131.7231331782,0.10469506252525207,0.9640159928734435
236.jpg,0.536386957953606,34.0,0.6683519146177465,187646.29687627047,1.01642674539994,0.8569345847566544
237.jpg,0.5240291542436413,40.0,0.0015401435469209663,156672.23027139666,0.02529254732735353,0.9768440005210856
238.jpg,0.630425674675693,28.0,0.9959024218951473,32.49960813969638,1.0165744620609303,0.346429142985149
239.jpg,0.3857569901912273,30.0,0.01741909139406605,13981.396918465985,0.0411027742686656,0.9595260767237715
240.jpg,0.27736532300481104,34.0,0.09611884800095698,386030.33221733104,0.3136112905253867,0.9526290948721338
241.jpg,0.48340364680778414,32.0,0.22449585727420293,1464165.0540727552,0.5864375242599635,0.9056251309621117
242.jpg,0.29764629089375927,34.0,0.016547269953077322,1382043.826844099,0.06932996709429062,0.9720231445222469
243.jpg,0.5846531540938242,32.0,0.46073073630194544,68537.08992905801,0.7274139808787368,0.785271752152321
244.jpg,0.6489851917984201,24.0,0.9961404548512757,190.6932976236481,1.0006687580810194,0.3179228407362757
245.jpg,0.30382276881032527,32.0,0.0021144978037721932,2277017.1178711844,0.04272854964392536,0.9785320228341493
246.jpg,0.16427014363844378,28.0,0.015256591471102234,458589.50207680126,0.057190142045328685,0.9743488366707237
247.jpg,0.23781043444745018,32.0,0.14441896119923853,1933335.0092652328,0.41206681965127245,0.9312555271087156
248.jpg,0.287547373446587,36.0,0.14291566996242785,848117.8995194931,0.4164934184111644,0.9376684176118373
249.jpg,0.5987394164135456,30.0,0.9945204099486051,162.67857970666253,1.0163715311191481,0.4003927953205352
250.jpg,0.32815135027303854,30.0,0.008114170205695896,860500.7422922808,0.06251550045567456,0.9760937449070363
251.jpg,0.6632475660838514,28.0,0.16127851375686353,35719.266378444794,0.17744472930985467,0.8140150612918611
252.jpg,0.4907550121179512,36.0,0.9248765644831558,23500.53920832792,1.010943008680215,0.693431600334491
253.jpg,0.42974923552852984,32.0,0.022095735201767757,364589.85442242003,0.049316140873770564,0.9604472537958902
254.jpg,0.10976751381840098,32.0,0.9977487004159734,819.8714644875553,1.0030066472502313,0.5257938347023207
255.jpg,0.6979296413285156,24.0,0.9997960563348167,5.966648544472524,1.015517418985155,0.22813136904535394
256.jpg,0.24907742782899728,30.0,0.08563610884855528,2587294.3494488522,0.2772786872455981,0.9418838375258637
257.jpg,0.3200594245339586,30.0,0.004761629368051045,606184.7457044114,0.042356039432434045,0.976596165219586
258.jpg,0.6208486049824548,28.0,0.8856852439457654,2085.957714002184,1.0152678673832725,0.5542740428268873
259.jpg,0.38664481192931976,22.0,0.080062763759394,386798.9705916148,0.21803590292392983,0.952202185544067
260.jpg,0.5531775729795034,24.0,0.9997902172713022,12.529147748983574,1.0165260840999508,0.32121403219354755
261.jpg,0.18755219501389722,34.0,-0.0009166277549885579,21422.24551636169,0.009836906136797552,0.9865977082680398
262.jpg,0.6543147052544491,38.0,0.9934902019307513,110.65660805402479,1.0161288268959652,0.42152456890868295
263.jpg,0.4277442512524979,32.0,0.01749634733053494,935157.9936932807,0.05727294052212528,0.9611547070299515
264.jpg,0.7394446784656301,32.0,0.9979027574799986,202.28671293333198,1.0017951546291215,0.35145536406295186
265.jpg,0.5129199524332392,30.0,0.011163368525976883,110384.2921715395,0.04100440868728583,0.9636848108130853
266.jpg,0.4663562104062306,26.0,0.8305773317139752,82983.79353485415,1.0170464987450032,0.7614172541687158
267.jpg,0.4327501584235112,28.0,-1.293486778199977e-05,850942.451814891,0.011854571713456608,0.980606719306449
268.jpg,0.4536728967956809,36.0,0.011814498853255086,561068.1014619977,0.058998921287411576,0.9708706278353636
269.jpg,0.4402201883475932,28.0,0.13937631620477997,27355.25935877539,0.27193502433397043,0.913509847781052
270.jpg,0.6624339096259904,30.0,0.999594575841072,14.750840328013128,1.0164160011522654,0.2780774712341124
271.jpg,0.5508288617163225,32.0,0.0005780686021403507,128020.51763645792,0.011090833083471807,0.9807893271369285
272.jpg,0.250156864841737,28.0,0.052411473935048684,105694.56312681836,0.13357693616740107,0.959059249205943
273.jpg,0.31424005125942794,28.0,0.4497044406152652,484503.6188139743,1.016641272941115,0.8909610643959566
274.jpg,0.24050183590902252,30.0,0.5517825010492642,262889.6083266819,1.0168343709724468,0.8722169094055173
275.jpg,0.6278403754371621,40.0,0.3106748940257611,39242.11488616515,0.4171995167027944,0.8176511869679192
276.jpg,0.5984020435873099,30.0,0.9981382621326186,891.4124585662488,1.0164484125125455,0.4194228400862917
277.jpg,0.3398350824223899,24.0,0.5354469956677684,96172.89496062214,1.0169789611109081,0.8829296685172102
278.jpg,0.5284391970296979,22.0,-9.410443200818315e-06,701039.2792409401,0.010745605572310524,0.9844588328621791
279.jpg,0.22518758212579626,30.0,0.2644033892431895,2555284.152261536,1.0170694019363964,0.9333563696282847
280.jpg,0.4972658130069989,30.0,0.9958204282198925,1650.7100177832576,1.0161697908376937,0.5190977521544767
281.jpg,0.5750334191141252,32.0,0.9901097524698963,44.767103967348454,1.0159607832868005,0.39589067449277515
282.jpg,0.22771819822739117,30.0,0.04358561896692986,1916162.7641776304,0.24718166171692246,0.9666161301625872
283.jpg,0.34912705026158675,28.0,0.13206356853173287,577129.580086098,0.4061372809794648,0.938065878748539
284.jpg,0.623512770448107,22.0,0.9999639326416648,2.0638040051275657,1.0109542604354829,0.17463796502132584
285.jpg,0.5541317992493205,22.0,0.00849271090955598,343777.6665779525,0.03286265437645852,0.96525134560751
286.jpg,0.7910857906953523,20.0,0.999962586719872,0.3029753750081472,1.0009079314651217,0.13342920897853813
287.jpg,0.6141016957052223,26.0,0.999967951821469,0.01711673788327417,0.9999999403953552,0.09192412341987691
288.jpg,0.44788934454802554,32.0,-0.00014759663140150413,1432455.9427680688,0.007241545903980295,0.985075384957615
289.jpg,0.40998312119819674,28.0,0.01675507491178265,424943.24181746424,0.06469305909263312,0.9682488644864528
290.jpg,0.2770033630375014,26.0,0.13973914599457518,606532.657411608,0.4040069810928344,0.9405471977611618
291.jpg,0.29503831325708624,20.0,0.03413138099831918,915570.5628479731,0.12848117811654447,0.9655098700122975
292.jpg,0.6192386712876575,24.0,0.9998395369554857,23.531636326910178,1.0162470440941433,0.2911967119234687
293.jpg,0.1627405722258527,30.0,0.19297951820928338,2186570.6277656006,0.8255526179073058,0.9366906480842783
294.jpg,0.20310803429218285,30.0,0.17185654946769277,554608.2474460454,0.3177063915488816,0.9215798467592248
295.jpg,0.47714887893321317,26.0,0.03493144889648526,216830.92223971308,0.09405955034685576,0.9573646190267356
296.jpg,0.2746612626094147,22.0,0.1459780782603808,1708689.8510604468,0.6102912671062768,0.9426669649661407
297.jpg,0.40848086920351306,36.0,0.9571923175338853,6550.385347590025,1.0169505357005164,0.7829592426409556
298.jpg,0.6149311734383344,32.0,0.9311273699468019,58035.08894181042,1.0159176884033059,0.5774770035433537
299.jpg,0.7591739107241261,26.0,0.9999072586849098,3.2275650962794518,1.0162951374715021,0.23116739774705597
300.jpg,0.5438238552305603,38.0,0.09572737472148166,80114.81434268173,0.23937772976432825,0.944315300080793
301.jpg,0.2570345461468558,22.0,0.621988623186874,127997.20217463325,1.0117625956138454,0.8439792188198885
302.jpg,0.5115674115090555,30.0,0.9759649323462273,599.0584598577676,1.0161358724428737,0.5345408061233976
303.jpg,0.6669920977110549,30.0,0.9998635004027739,5.263467347049756,1.015375639730678,0.21181239602506768
304.jpg,0.3256124293581383,32.0,0.511998105050246,122529.22900698548,0.8317047268158149,0.8568491465800916
305.jpg,0.595531967898186,22.0,0.9997370610837496,28.437485683210124,1.0163364745114905,0.3180312509719215
306.jpg,0.21879057401906846,32.0,0.13779808923202455,748044.5308315047,0.30717592724522547,0.9400761791803095
307.jpg,0.5861083672641917,28.0,0.35737750818267855,58608.57191080835,0.6282344260953323,0.8725709219913944
308.jpg,0.6043391877445162,40.0,0.7182054716857139,18450.762757506025,1.0079360300055669,0.694151614247099
309.jpg,0.402633269806916,28.0,0.4623943528930876,219799.01945937824,1.0167128628343107,0.8889282200837545
310.jpg,0.7174792389241722,20.0,0.9999522202581671,5.584522531945343,1.0126722195923321,0.18214208956450945
311.jpg,0.4918766134719878,30.0,0.01090699150189479,207660.40234743166,0.04306284634731128,0.9690110392651635
312.jpg,0.2642533291618404,30.0,0.999967951821469,0.01711673788327417,0.9999999403953552,0.09192412341987691
313.jpg,0.5115057036898989,26.0,0.2139226794996574,869313.2706648312,0.3423800361397298,0.8840830269296897
314.jpg,0.17957532533708062,30.0,0.261818294630552,2122377.9411056982,1.0168973509125863,0.9287929850007286
315.jpg,0.23041888797044538,30.0,0.7887794317762019,50837.763593302945,1.0086422844608478,0.829002323686504
316.jpg,0.3121046344416501,30.0,0.022451198230763574,504875.5079462152,0.07819202237283207,0.9631424884997427
317.jpg,0.18923711702224166,38.0,0.2258369609411765,54220.433732255966,0.4144315861715313,0.9157293333796831
318.jpg,0.3993128989813789,32.0,0.02788628114601566,594214.8329841784,0.10563040535816981,0.9606932681455567
319.jpg,0.6634229865942646,34.0,-0.0015365832794483408,127097.82377344591,0.0010004776747791766,0.9980575175383113
320.jpg,0.6246454597616742,34.0,0.9923595430428683,1267.3759212865189,1.013929387234839,0.575262401215697
321.jpg,0.5230991792133536,28.0,0.9157126091089657,10811.611692770775,1.0167567561115902,0.6558355968599884
322.jpg,0.4553634329750716,30.0,0.009821421336642901,423937.2422370386,0.044571884352080815,0.969514516123635
323.jpg,0.5021033030068219,24.0,0.9927390184727916,553.3381028791348,1.016833759788824,0.5373517007812454
324.jpg,0.3477692276381555,30.0,0.9395069539019986,15303.61544990911,1.0170329912173202,0.7308279454004498
325.jpg,0.11204278550081039,38.0,0.1585480046681806,1417412.7100433502,0.5783873410589422,0.9466858914726282
326.jpg,0.5522889460556474,26.0,0.004487405966847024,553538.7375336192,0.03179433297032119,0.9717432777269284
327.jpg,0.4779023454297268,28.0,0.003103199124996334,850863.7642186756,0.03382691698288909,0.9793896020169014
328.jpg,0.0579595620350879,36.0,0.0010502941252169022,19068.835960409866,0.009544842847617474,0.9717790826950619
329.jpg,0.29589050039633863,30.0,0.7570019424742578,112397.72916300522,1.0170478494981126,0.8367849739777549
330.jpg,0.2111681857618456,18.0,0.0019842550766026187,4066515.327077102,0.06432226456809076,0.9788747245979987
331.jpg,0.5184084854466006,24.0,-0.002097068077089284,1250412.3962203136,0.010366655027837623,0.9858970368379054
332.jpg,0.4650469125602641,26.0,-0.0012091897674456151,46317.59745127818,0.006210166056689559,0.9890653206032205
333.jpg,0.5081933362791565,24.0,0.9999738374704008,1.1634034108735603,1.0086871879325372,0.14730001180512148
334.jpg,0.708704410758279,28.0,0.9994191201869758,2.5261382545619213,1.014154312907067,0.18528887295565832
335.jpg,0.5996665550714365,28.0,0.9999670519910647,1.2955984615697684,1.0029606939735913,0.09314243867546838
336.jpg,0.5081233333704495,28.0,0.24069781522406247,787616.1885195789,0.6073942397099472,0.8996326840554719
337.jpg,0.23385955371313846,34.0,0.025009209652550903,2989064.6659622267,0.1322570597608319,0.9636098149628701
338.jpg,0.2754916464949295,32.0,0.38108109720948075,144951.56253311978,0.5818888476458142,0.8874314290555743
339.jpg,0.3477172213813523,34.0,0.2914249935927529,1068849.1840414596,0.6924122816624276,0.8926981114361682
340.jpg,0.37403581294513216,34.0,0.005588635850973317,545593.3750409939,0.048892190205151564,0.9758858141343663
341.jpg,0.003768308690812189,34.0,0.9999661988647695,0.02885516365470846,1.0001630208157621,0.1008609035266144
342.jpg,0.2417037455600167,32.0,0.015221857206524693,1109366.31806476,0.08620470240043687,0.9723472344636364
343.jpg,0.5362746042604091,34.0,0.000554949316934012,69522.65091169423,0.007057160322119671,0.982587271652049
344.jpg,0.2884856402882764,30.0,0.5769728338907868,94140.1695097043,1.0099551045686894,0.8598548940314715
345.jpg,0.4747976602438987,34.0,0.09239029513914622,317326.295076942,0.25398516532618487,0.9386682340096185
346.jpg,0.640135065701201,24.0,0.9998448407549725,4.580474196692722,1.0157819713367644,0.20880019719448845
347.jpg,0.30444188369150393,36.0,0.12153407469108758,822720.1620719149,0.28098838088340017,0.9340663027255467
348.jpg,0.6179945852927133,34.0,0.9999597211549138,2.3034567090857356,1.007184647836766,0.17788113423273036
349.jpg,0.3394154167137916,28.0,0.12641359542801628,1194568.572057203,0.3854899741031659,0.9381045262496439
350.jpg,0.39389712755016715,28.0,0.00871221137763074,101126.30786576014,0.027803219460793116,0.9663444773615493
351.jpg,0.460506267790026,30.0,0.6779477822479808,114588.64003992229,1.0167939079958614,0.8644631181622202
352.jpg,0.25574729520262446,32.0,0.7675204982765741,109047.07470435789,1.017050551002967,0.8503951975410305
353.jpg,0.3136124992947074,34.0,0.0037143468084065174,1538838.3014974245,0.04729596115089407,0.9790263701509535
354.jpg,0.41798374221858353,36.0,0.9791194152996484,1622.8564548703548,1.0165842528090252,0.5953928348194977
355.jpg,0.535497487958386,36.0,0.012584464143335932,267014.1944422783,0.06422997238973949,0.9679237669787947
356.jpg,0.7793139488303573,26.0,0.9999676700873374,0.035287241800932345,1.0000969691716364,0.1002109478462802
357.jpg,0.5530616128836425,30.0,0.431943242033519,5842.089609275912,0.675137583308242,0.7766992038778971
358.jpg,0.37582071280769835,30.0,0.0739881311838412,162903.21794928832,0.16208302010386433,0.951193302563673
359.jpg,0.37320782160527904,30.0,0.0318520346797895,560750.8295447971,0.1249818097564912,0.9683537922704607
360.jpg,0.24618121068435925,32.0,0.07761804488529458,994334.737544161,0.32995712843421643,0.9588503922248555
361.jpg,0.5886699910984122,38.0,0.09428850164664394,277576.9589926837,0.17624128660531824,0.9079977263524436
362.jpg,0.6288372243723083,30.0,0.9999438453961109,5.6043312676439445,1.013386114642799,0.20454357575637486
363.jpg,0.35717625905407047,30.0,0.012337608074016876,222425.25633267217,0.03417316749846577,0.9703228422801221
364.jpg,0.23526573246856836,24.0,0.16025353151896493,1001827.0517355711,0.3864849149786096,0.9419209594584187
365.jpg,0.3794065843488019,36.0,0.555089811829814,19161.115338317035,1.009444341266999,0.8423685438800019
366.jpg,0.4232477598633911,24.0,0.046764681396594315,248733.98142369307,0.13580404504909893,0.945511137755793
367.jpg,0.17270753960074461,30.0,0.48497401396712236,369179.8079331196,1.0168573933724474,0.9010350703235365
368.jpg,0.7067267333924507,22.0,0.999967951821469,0.01711673788327417,0.9999999403953552,0.09192412341987691
369.jpg,0.5328386995599963,22.0,0.9980107681558545,94.93824138972295,1.0162771988034365,0.4230429895750494
370.jpg,0.44452685955075444,32.0,0.00555010624187497,1024709.2358764219,0.028180312958056675,0.973787288584515
371.jpg,0.5308127851881096,28.0,0.0673920730032851,1043327.4554611495,0.16846347694126962,0.9416703872962702
372.jpg,0.40508668006205095,32.0,0.18527262308173603,340106.7986980886,0.5307503681490289,0.9315966102246797
373.jpg,0.0988365256903358,42.0,0.7498814609828378,74324.13868061894,1.0143313633977868,0.8577728456723654
374.jpg,0.6103769225956001,32.0,0.018884336650076834,1652493.818369585,0.06337579391129111,0.9578692859594993
375.jpg,0.3736923452585475,32.0,0.011370345290961564,816787.5040137118,0.0389970125183936,0.9712088398959118
376.jpg,0.2626490922992979,32.0,0.597451866366927,228067.9841250381,1.0170008575576048,0.8451160984259508
377.jpg,0.4442961415454361,34.0,-0.0003625316070089715,891285.6095685355,0.01943399677566049,0.9850113825270105
378.jpg,0.4388718797453506,30.0,0.06830274730382146,13315.524965550194,0.09076845851154758,0.9106607276234557
379.jpg,0.495859721250469,32.0,0.9945565309050527,367.77332224166815,1.0005529940478937,0.2581457379864271
380.jpg,0.27916355925413383,30.0,0.9212299915847523,11814.926029635973,1.0051197707816755,0.7714996627784683
381.jpg,0.3246770121736995,26.0,0.02574637196032206,826100.9748408153,0.10672104479795053,0.9650671847398912
382.jpg,0.2852361493805632,36.0,0.006523326714930009,2283980.7740855906,0.06442850769894903,0.9753035314963193
383.jpg,0.2757696307917023,34.0,0.0032258420622148258,794250.0549299441,0.04943622899372713,0.9793002444796177
384.jpg,0.30222594522123497,30.0,0.42693767053685333,266582.9980924615,0.8057079236984919,0.8833303438295479
385.jpg,0.44736653994762676,28.0,0.999967951821469,0.01711673788327417,0.9999999403953552,0.09192412341987691
386.jpg,0.11760916409466564,32.0,0.0014920148816894197,503653.17280737206,0.025493251104308,0.9802489591577366
387.jpg,0.1325342041290249,26.0,0.050096720706348734,154294.84930157033,0.07999076349801726,0.9521441198420615
388.jpg,0.3854347774557912,30.0,0.17398814850630123,546772.3436558631,0.32701117231840726,0.9097642146257487
389.jpg,0.2813335775778367,28.0,0.5348926510583566,349407.99408330536,1.0170708122923315,0.8832476868534627
390.jpg,0.6755091502950145,28.0,0.013221143205732803,1607.0941167472045,0.019740739120834405,0.9425485304329415
391.jpg,0.23503311305523483,28.0,0.45237088363904004,804998.2316655889,0.7090160383627335,0.8714164344381463
392.jpg,0.46698096163809555,36.0,-0.001348612158224286,18277.259468133117,0.02193331038438373,0.9843413892961658
393.jpg,0.5349080016577876,24.0,0.005916887423985424,329177.6611789344,0.018745083602198065,0.9755030570390122
394.jpg,0.4667618413373073,32.0,0.08272182761650038,199756.14144583582,0.13645707342107016,0.9279290830747693
395.jpg,0.3711594452009649,30.0,0.0007629907371434623,421082.9666989119,0.03804103364609546,0.9812597378164546
396.jpg,0.4431303063104645,28.0,0.0008749793104171581,28703.97784426042,0.020816638695350775,0.9816714880960047
397.jpg,0.4547987594479654,30.0,-0.00028904098427362935,8315.923376179406,0.018564403065965962,0.9835628699039299
398.jpg,0.16651105053478812,24.0,0.46748349097135167,130232.66186024135,1.014740160233032,0.9070576600682119
399.jpg,0.4777167451924487,30.0,0.12078734510449417,157578.11131920197,0.1436007493928173,0.9045686704718157
400.jpg,0.6266994472665434,38.0,0.9999527660014389,5.751546023994648,1.0011782271542415,0.1576760069704647
401.jpg,0.7058956070679705,16.0,0.9998120783644727,3.669772973811232,1.0157450011604396,0.2278667804347603
402.jpg,0.08161360563454008,30.0,0.8730004427506036,36350.53230041686,1.0027375338727325,0.7992740797605145
403.jpg,0.14643077370935983,32.0,0.9853401960020418,5894.35174457922,1.007785938304778,0.6749216672049814
404.jpg,0.3599339086469555,24.0,0.7804297142102162,11939.526614661394,1.0166412729427066,0.8359078308362661
405.jpg,0.6976929509460073,30.0,0.9982178953444509,24.095008722126472,1.0102336987733906,0.3712002189268332
406.jpg,0.272226032794107,34.0,0.025323757893884108,1395412.0039823197,0.06913756079188715,0.9664144627783465
407.jpg,0.40717917940284587,32.0,0.05035061027361351,1162903.6105264549,0.17098203851310245,0.957045628124124
408.jpg,0.13535617800938873,30.0,0.9215260016131123,22697.31881770311,1.0065271081723495,0.7646457908827701
409.jpg,0.6861933312892807,36.0,0.9966448963994693,9.027177051300448,1.0052186362659086,0.2582463190612923
410.jpg,0.3765604048369161,32.0,-0.0005998141945655987,293.71430367318004,0.0025001671772315603,0.9924338894474467
411.jpg,0.3693301166476547,22.0,0.07015428400383825,203202.86122588132,0.20101831634724476,0.9518592569713242
412.jpg,0.697373865793909,30.0,0.9994775045880313,22.73785671941259,1.0168191336761083,0.3198736520708561
413.jpg,0.46759106916447946,32.0,0.4040685586393966,353146.2840851062,0.7354199038863953,0.8684317621955788
414.jpg,0.3035123521125888,26.0,0.6619024694161642,277273.27039894916,1.0168762443031483,0.853591071734143
415.jpg,0.22491485056819158,26.0,0.03479547298164902,70466.88684181207,0.1029645065218574,0.9637430975190028
416.jpg,0.5917359758035823,34.0,0.0484400378351429,10591.85977252703,0.1504108755452762,0.9476093326911743
417.jpg,0.43798746276555645,24.0,0.1924107974677355,464061.4327967283,0.3175274830593935,0.9098460991370196
418.jpg,0.3289262252941506,38.0,0.012070146063153164,365759.8226227065,0.10741308760907486,0.9746926685023671
419.jpg,0.3046987958027982,36.0,0.6216942827093188,288263.244792002,1.0166686402219511,0.8817274947096774
420.jpg,0.4074871965554108,40.0,0.010920118163237102,52661.55794713341,0.033445948317421426,0.9640176010994674
421.jpg,0.21217925870486093,30.0,0.09057414858154442,5770495.7894018255,0.5518517713044275,0.9506627556750846
422.jpg,0.5202473697828227,32.0,0.9999678613710744,0.018910409947046236,1.0002666069119641,0.09162598429905221
423.jpg,0.2661042873579432,28.0,0.09969730067384801,453207.51240739593,0.15705699889531388,0.9382524872020684
424.jpg,0.4976286976290295,32.0,0.30021360977588596,2795.9482103530368,0.6185098858118181,0.8526347156464525
425.jpg,0.31628303568597643,28.0,0.04011752021598397,802455.7110366058,0.12861572775136665,0.9548508907389526
426.jpg,0.2516404883807866,32.0,0.05163915975168356,931317.367002507,0.14290074404107145,0.9558830472686997
427.jpg,0.6252739406597514,20.0,0.9994548524735105,49.263809880551705,1.0162405694039762,0.3243068509308845
428.jpg,0.3233221694430193,32.0,0.007505681285922366,145720.26585649993,0.028728815723980006,0.9745936553965134
429.jpg,0.3396240872742296,36.0,0.3701821064113655,1236659.5875945333,1.0169627520790527,0.8994323991328433
430.jpg,0.5869801214589256,22.0,0.9999171681751311,7.286705704277754,1.0092973496240347,0.15582175693657627
431.jpg,0.32927581453934274,26.0,0.02200792873581508,21293.422192056143,0.06443609183043009,0.967750575783596
432.jpg,0.1721131216388746,30.0,0.16029491201999252,61258.05697325934,0.3441721963413329,0.931981316944722
433.jpg,0.5410481343477265,28.0,0.9992661741296355,34.651270623566724,1.0141710150829795,0.22407882984199826
434.jpg,0.627665258918626,30.0,0.9993368998025105,12.113623960098028,1.016514569686251,0.2652194360624285
435.jpg,0.4976697842347846,30.0,0.9997455955782717,20.358736783506142,1.016626832260954,0.37634886101283216
436.jpg,0.28080042175649295,34.0,0.04169959421202292,665266.6115339303,0.1152433010556706,0.9586402488535162
437.jpg,0.47029499335789704,30.0,0.01668861061699047,40068.62731686142,0.035808656192557464,0.9514178879538276
438.jpg,0.30091494127722357,28.0,0.12430665387638126,376058.2796415213,0.6753542895203282,0.9395144924347643
439.jpg,0.2884677861977776,32.0,0.1136180668413838,264418.0507583406,0.23635382961401774,0.9432355462527119
440.jpg,0.25815585309450234,42.0,0.07928950816438779,1654483.7729522772,0.45661676961321973,0.9592378678052137
441.jpg,0.10352540407596023,22.0,0.988902152989163,9118.442118841596,1.0081892905470795,0.6332203783517132
442.jpg,0.5264787933748599,28.0,0.9828901714162775,12541.066371291394,1.0108929517523393,0.5831793167581198
443.jpg,0.6695133326012658,28.0,0.9997175929545431,3.3976672787820927,1.01595488429939,0.21548281797848484
444.jpg,,,,,,
445.jpg,0.8132115812585679,30.0,0.9995166440744395,1.4398939763994398,1.0021846298731134,0.16346525114293148
446.jpg,0.20660384534913404,26.0,0.11531332984896588,806419.3221537576,0.388647994554276,0.950525064129376
447.jpg,0.6170336630748542,26.0,0.041040438025567616,11408.67525719149,0.10370308609503809,0.9507795254852862
448.jpg,0.27035725381863024,36.0,0.05147951372489317,96884.73928659031,0.11515132135036765,0.9516562938224832
449.jpg,0.3294767616205744,34.0,0.27721820360403987,33563.03809000232,0.46303092469111107,0.8808242012155145
450.jpg,0.281640532519975,26.0,0.8872324274868526,11336.343911212889,1.0170802675609139,0.8125502778230108
451.jpg,0.36405330716322426,26.0,0.40093660410144205,7128.198717676231,0.8654804325972236,0.8603977494979167
452.jpg,0.5139168705474619,26.0,0.9050269039540426,20635.85198672817,1.016214670856698,0.685289851009317
453.jpg,0.42507631145118646,32.0,0.05781987104942251,454091.4874461744,0.1153830306072905,0.9394944907973287
454.jpg,0.5388929290844482,28.0,0.9997487427551919,25.010216035196333,1.0166773159139666,0.3424913527202982
455.jpg,0.2025325311505416,32.0,0.10989745774542825,1103897.532532164,0.23950804471496667,0.9443751132854932
456.jpg,0.31008886302669214,32.0,0.008472669787741437,461375.3492515686,0.041770683806362285,0.9740133973545781
457.jpg,0.34360095072308033,30.0,0.22339707413337132,184742.06270901018,0.4502200921333497,0.8946136032856715
458.jpg,0.6397842873183682,16.0,0.9972947688043791,66.25388480785834,1.0155121152106403,0.36968911538233873
459.jpg,0.2708201000050034,32.0,0.012408280349975492,1944280.7535942793,0.04940942847883889,0.9710108033644097
460.jpg,0.5170207450772141,30.0,0.0960109648164676,44408.84098878356,0.11224483197588597,0.8730453298701217
461.jpg,0.45958542735438346,34.0,0.011333481156841388,95531.6557129304,0.027456210536456638,0.9650004780359072
462.jpg,0.608379548403002,28.0,0.9875523904351161,4155.438336540172,1.0161896307449751,0.5953672587964144
463.jpg,0.25122377505187876,30.0,0.029614095830997774,1316788.0324182017,0.11013510397719983,0.9639325892744405
464.jpg,0.23660241122567133,30.0,0.366386145237711,87071.02754862855,0.9103980994941594,0.9014156592763057
465.jpg,0.7402090397811204,36.0,0.9997212793877398,10.3870038181166,1.0014052289474193,0.2178807113422332
466.jpg,0.486700782506416,24.0,0.27165917764649,1646404.1655069848,0.9183869683654393,0.9196982352549913
467.jpg,0.5298049955351588,36.0,-0.0017352453828782632,771367.3622431407,0.009394601157509896,0.987583136801107
468.jpg,0.459612935702906,38.0,0.9998519463410253,6.910406227522417,1.0099964536404968,0.23372643809041022
469.jpg,0.5801280732234655,20.0,0.9945598491054525,2268.2520117583394,1.0167930806367167,0.6047845448204435
470.jpg,0.37741815493453407,30.0,0.6755306377390681,193204.6379367328,1.0165338862987028,0.8497307639149659
471.jpg,0.16273702232581447,34.0,0.925407397053684,11289.34374740344,1.0080860797261266,0.8165381078083894
472.jpg,0.28137919218731067,32.0,0.05493254108640492,828438.5262665963,0.14583702471736615,0.9544310794012658
473.jpg,0.30209094664600517,36.0,0.14646857459361232,1509784.437729378,0.7859673122773074,0.9459526821931529
474.jpg,0.1905450328741421,30.0,0.7473317247914941,27308.427855980917,1.0082631931786636,0.8556836292205706
475.jpg,0.5756094895082349,30.0,0.0016050340795522996,949625.759753442,0.017275404540214367,0.9810225677595151
476.jpg,0.5928068111276795,22.0,0.999967951821469,0.01711673788327417,0.9999999403953552,0.09192412341987691
477.jpg,0.3453565354734402,32.0,0.1336137352910673,419309.44910059404,0.2087282115041944,0.924138578811675
478.jpg,0.44969810716918,28.0,0.08936998155156026,1595451.1878467489,0.29800334166407083,0.9496272641948955
479.jpg,0.23401758412710646,26.0,0.04674120342994178,1663490.9151303703,0.16716284664835257,0.9592372752224273
480.jpg,0.2287098509367721,30.0,0.06529256232419564,1136260.5719317773,0.1352493598114961,0.9547225084133275
481.jpg,0.36816378643801667,28.0,0.03044261381470674,333472.33085502754,0.14353982001125587,0.9632660903487236
482.jpg,0.3729056838424229,36.0,0.015786573146828294,756009.5109241221,0.06790385611475358,0.9703632722288154
483.jpg,0.3296297521243821,30.0,0.003045878437868799,173319.96228216155,0.04019482074068037,0.9790552207004863
484.jpg,0.1607419360728263,30.0,0.005800779530223672,1192341.6310419266,0.06317332790945329,0.9789682364265155
485.jpg,0.43691187211298366,30.0,0.03997954717421853,496145.81138900557,0.09852744630916277,0.9462881491421973
486.jpg,0.3746640069345716,32.0,0.048773915587863585,104247.94527509046,0.11553494756071814,0.9544817101529737
487.jpg,0.7232212828895141,16.0,0.9999592906785837,3.212284999928348,1.013594828493524,0.16969004985316913
488.jpg,0.28509512874522336,26.0,3.315299306938274e-05,107866.27529411866,0.014753357156905622,0.9847613414158217
489.jpg,0.3772234164014629,26.0,0.055216167451369744,3858308.9815397784,0.284619034846628,0.9579592360376996
490.jpg,0.29711729885018673,34.0,0.8245270377808895,76441.99121105326,1.0108160674399187,0.8421007211221846
491.jpg,0.1447828980618684,30.0,0.5896307841367847,215132.34107257208,1.0168276768174564,0.8902845086600255
492.jpg,0.24276998308819128,32.0,0.3707711959582239,205037.76521798677,0.6709165683528227,0.8885632488636922
493.jpg,0.29551743692287663,26.0,0.8862835809980495,19779.39162644813,1.0170684124359468,0.8188120082230754
494.jpg,0.5516775013361948,20.0,0.9926492246937189,416.2715564462928,1.0164090613247936,0.4973253013226348
495.jpg,0.23991217082641986,28.0,0.020996370296412215,565470.8086113129,0.05328025846915807,0.9692260094004033
496.jpg,0.40243890650503195,24.0,0.054800493184751685,887572.009622251,0.1837808696727734,0.9515942554981962
497.jpg,0.36539179441705494,34.0,0.07675634541801647,252648.93155180232,0.21075721878810327,0.9376156107671001
498.jpg,0.5863108104962872,26.0,0.998636407811073,49.93282061634459,1.016624105598794,0.36942087841212895
499.jpg,0.2296912509644097,32.0,0.02017691327898124,927348.223026862,0.052325128664961085,0.9659487163195217
500.jpg,0.8302990870654523,26.0,0.9999695485392268,2.307267197081637,1.015615766785686,0.15294720900207268
501.jpg,0.6837932855581801,26.0,0.9999515258967326,4.028892103996983,1.013356290397951,0.24118286420658572
502.jpg,0.22610294607190737,38.0,0.033261981672672046,1142341.7274075656,0.12123022879995915,0.9667342189434076
503.jpg,0.6965849117657077,26.0,0.9997521762887216,4.7914870438726584,1.0156260806850241,0.2457687818959286
504.jpg,0.33865035143645744,26.0,0.042598241928527965,1684224.342986163,0.2207509872364426,0.9616776907656495
505.jpg,0.31090730156984353,28.0,0.46239561206508156,681771.1080796842,1.0170775064514146,0.8694950980390423
506.jpg,0.2207685605479003,36.0,0.0026867929922909633,1583100.7596477398,0.03773154338568929,0.979066407123577
507.jpg,0.4464742678056843,38.0,-0.0020866491390946974,474899.3556372319,0.016936069014491295,0.9840013332920023
508.jpg,0.1288605903819974,36.0,0.7844746343021174,1026.8243111491797,1.0156557752900426,0.7417425711265145
509.jpg,0.6981465793691467,24.0,0.7322607551168065,314186.75208848907,1.0143383362560598,0.62832633439739
510.jpg,0.25170143210108725,28.0,0.07283375549815341,1013535.6476370337,0.33880440519692456,0.9556296755540716
511.jpg,0.2231988795932926,30.0,0.021467540539457736,304210.83256879624,0.037320694958452805,0.9563350381695355
512.jpg,0.49312611855002647,20.0,0.04320983995953324,161331.63918368824,0.08114480999847729,0.9543587711522594
513.jpg,0.5853752338834751,30.0,0.9906048825039152,1744.7823304739277,1.0163954901688612,0.5472761996350385
514.jpg,0.45098015829823157,30.0,0.0971414232068029,268308.6758637533,0.2037690759113957,0.9392459805747831
515.jpg,0.1912265527370872,32.0,0.6818377827182632,5799.03517453326,0.9564899910151325,0.6711675517413977
516.jpg,0.36657183824574624,30.0,0.009340920583710144,145171.10484670373,0.0455647784554003,0.972438064638219
517.jpg,0.2626625020465749,32.0,0.6069703212381856,492249.335902468,1.0169478937989425,0.8749082162351756
518.jpg,0.5511456592280476,26.0,0.9958848664156938,679.7454724217282,1.0062765985862825,0.48210654477567133
519.jpg,0.3414215996822468,36.0,0.6174025841785096,149339.45566690344,1.0170640585292858,0.8520718290053128
520.jpg,0.6309473542921445,30.0,0.9921307159360313,587.9965411732485,1.0163852023797517,0.4845696854426772
521.jpg,0.5560001294414891,32.0,0.9990800623950884,17.746199241360234,1.0158129324327092,0.36299488189283596
522.jpg,0.2697403135665775,30.0,0.05342230742625756,93194.0214524414,0.17510055713478323,0.9611807055103971
523.jpg,0.33213231196201104,28.0,0.7238134322441064,75180.21575949402,1.0170271261517883,0.8451793491919876
524.jpg,0.7294620181855218,28.0,0.9999781119236609,1.4245451881884674,1.0127758816774985,0.1493098908900601
525.jpg,0.07143716942204047,34.0,0.20647486203427853,116474.1321829741,0.2261773667980833,0.882226357908828
526.jpg,0.5468237353763296,36.0,0.03721227888274663,253634.7642946289,0.13006696932825434,0.9553186383351973
527.jpg,0.24899830846607365,32.0,0.029440557655689484,1032743.2396332696,0.09209532302816115,0.9626436915123125
528.jpg,0.4530219111757079,28.0,0.999958255301184,3.4019900971987584,1.0106939825509471,0.20467983131454345
529.jpg,0.2951512129046545,40.0,0.4912523954788066,701956.4320862378,1.016760139183134,0.9005344667421689
530.jpg,0.33556699543463225,34.0,0.09423926046989153,517171.92539442994,0.29223269161002463,0.9484695732500829
531.jpg,0.680800317638682,28.0,0.9998529961486382,17.64393634110905,1.016152017046693,0.2807906798467315
532.jpg,0.3528562121878476,30.0,0.1473407198918568,2520287.646579931,0.593211570245785,0.9376321237107931
533.jpg,0.41330709501507884,28.0,0.007259008703549686,80944.25523198537,0.03572302767247493,0.9733132780300245
534.jpg,0.3508225541082571,36.0,0.030213660785232972,1717653.693201519,0.13076112940325402,0.9613386830600346
535.jpg,0.4943238978049568,34.0,0.02565922796589334,24066.39576228522,0.05621513272649281,0.953962662444653
536.jpg,0.4060764887876187,24.0,0.09988650122958764,1696989.733127412,0.23142518706549708,0.9307373175971144
537.jpg,0.17495789111773674,34.0,0.11689219894600456,946421.3359300094,0.39169170209720505,0.9486273361971836
538.jpg,0.5071713667444171,32.0,0.05075577209823966,34199.035162061344,0.1292367630442186,0.9483161733172036
539.jpg,0.20883122056306075,32.0,0.008523906906822221,1749437.205119029,0.10527165227017576,0.9784334871825788
540.jpg,0.5125250790150766,32.0,0.17410592702002675,1416550.8593396673,0.5914802066879474,0.9216955876739713
541.jpg,0.6180953913670273,28.0,0.999833943666184,8.911883252496125,1.016504644230622,0.3264226614993495
542.jpg,0.31948667620875204,32.0,0.02892099943999564,606321.4989542537,0.1103496603716394,0.9625801528485135
543.jpg,0.3753763645746521,26.0,-0.0010249886987521491,1049013.1498623542,0.018064133178768316,0.9873614429813743
544.jpg,0.7009946218352378,22.0,0.999967951821469,0.01711673788327417,0.9999999403953552,0.09192412341987691
545.jpg,0.48854768387944403,30.0,0.19691135216659594,293268.22921459336,0.3424467379327325,0.8778710170965424
546.jpg,0.32208040332266175,26.0,0.11723083836062044,1006616.7370019902,0.3181032264046735,0.9385960019143927
547.jpg,0.5407280204199795,34.0,0.007105496843588061,11998.112434938848,0.038269666830728966,0.9704194476889497
548.jpg,0.1542187422880526,32.0,0.9673373465432666,6954.995570664444,1.0170991780983059,0.7122448150385069
549.jpg,0.1412876728466585,34.0,0.10959208711057407,399447.1028702957,0.3359139930469155,0.9484091534024413
550.jpg,0.5086931128886529,32.0,0.9995295841715974,25.870295003407595,1.0168895269887344,0.3728904147222201
551.jpg,0.22705038003796865,30.0,0.321897592552801,339482.9470478439,0.5346202228122365,0.9242977419224042
552.jpg,0.7197581827826199,22.0,0.9994091725901355,84.93906695337245,1.0104965300224649,0.21555899316654373
553.jpg,0.7030481620337102,34.0,0.9998977975293012,5.901892888121338,1.0147858566356263,0.15163112594511105
554.jpg,0.2609267129142558,30.0,0.46840320891780973,328753.2889440555,1.017004450162176,0.8999513996999717
555.jpg,0.4037796297914518,30.0,0.003994108447786851,264662.1591140139,0.01723459419486062,0.9760675472435528
556.jpg,0.191664379339651,28.0,0.8681789814289578,24142.21310682185,1.0170586555191221,0.867918300069038
557.jpg,0.6031556665144316,18.0,0.9994513973120223,18.390940099294866,1.0159762992432206,0.32743280122098456
558.jpg,0.4893616907490528,34.0,0.9978782656118254,31.34015805530935,1.0165367323636474,0.49050305614465445
559.jpg,0.680616930108707,34.0,-0.00029654842328131624,18813.724609028875,0.006056703639160332,0.9848712690414574
560.jpg,0.517612982919887,32.0,0.010090337368436578,255281.988476392,0.02181954867614877,0.9553116122217206
561.jpg,0.654077331245113,26.0,0.9996549122570761,28.926874570135695,1.0165655649495875,0.31817723455106983
562.jpg,0.5177220793780535,30.0,0.9901056229301636,475.57580850269756,1.0160395258176322,0.5729935555418044
563.jpg,0.6586490064567562,22.0,0.9984834248137486,105.29519943547702,1.016437993583736,0.33020847737821357
564.jpg,0.41231039577708306,32.0,0.03352009734449918,52876.48328908387,0.053017564507399584,0.9322491794917492
565.jpg,0.6555178041578538,28.0,0.9997053908627882,6.627200974523336,1.0161885412757101,0.2894514497651562
566.jpg,0.5242857962589179,36.0,0.016292273883776794,58105.2577336361,0.03411429314587622,0.9421001598618216
567.jpg,0.5855231678491429,26.0,0.8600120437584752,69781.35414189493,1.0167230066256252,0.6073577541855608
568.jpg,0.5993326605828391,32.0,0.9979635865756136,163.542681578943,1.0152744034826355,0.3481113654780436
569.jpg,0.5934730138896224,34.0,0.9984802931768543,83.8302697940165,1.0078171695936362,0.46102887934361453
570.jpg,0.8972354966344385,0.0,0.9999704626073632,0.03446788054849768,1.0011824445557522,0.07987614107553818
571.jpg,0.5742087024616062,24.0,0.9997680582002788,9.541470605975354,1.016719298891644,0.28922378305325724
572.jpg,0.4337113001196686,28.0,0.9969958223655054,266.55029033595207,1.0164435094366127,0.41426032331732243
573.jpg,0.6706221531071224,32.0,0.9999192124292812,0.029027541917047373,1.0002702593753838,0.12946137773454186
574.jpg,0.6555178041578538,28.0,0.9997053908627882,6.627200974523336,1.0161885412757101,0.2894514497651562
575.jpg,0.5709323574274504,28.0,0.999637057059784,17.679831851002525,1.0168837830385655,0.36777105324947734
576.jpg,0.6309858055071327,26.0,0.9998788790781276,9.95059501057414,1.0007522154933213,0.17090743832791064
577.jpg,0.602463281744483,30.0,0.9982208037180271,98.60359118860893,1.0159360834688869,0.38878868104922587
578.jpg,0.7279491888540883,16.0,0.9999598410134235,0.6714571771110461,1.0129513823330853,0.12592883039585218
579.jpg,0.5531775729795034,24.0,0.9997902172713022,12.529147748983574,1.0165260840999508,0.32121403219354755
580.jpg,0.697373865793909,30.0,0.9994775045880313,22.73785671941259,1.0168191336761083,0.3198736520708561
581.jpg,0.6309858055071327,26.0,0.9998788790781276,9.95059501057414,1.0007522154933213,0.17090743832791064
582.jpg,0.6695133326012658,28.0,0.9997175929545431,3.3976672787820927,1.01595488429939,0.21548281797848484
583.jpg,0.6992444260769412,14.0,0.999967951821469,0.01711673788327417,0.9999999403953552,0.09192412341987691
584.jpg,0.531299102701203,34.0,0.9994873319613188,35.6968318744004,1.015661106941593,0.34225016002973263
585.jpg,0.5675630894611314,24.0,0.9982613240522081,42.200693372366466,1.0163214997589876,0.3708881753597587
586.jpg,0.8448598537128542,12.0,0.9999803843063896,0.6704550691819875,1.0080021532844512,0.12674868905880862
587.jpg,0.5678995471482443,24.0,0.998151558349212,40.396937229784385,1.0163942761466842,0.3746042981301942
588.jpg,0.6624339096259904,30.0,0.999594575841072,14.750840328013128,1.0164160011522654,0.2780774712341124
589.jpg,0.6681467617380901,24.0,0.9999296656940966,1.8849472301000565,1.0009869146856545,0.18164462833188358
590.jpg,0.6227877568078372,16.0,0.9995760345618323,15.704817843207653,1.0136113269675207,0.20751257905389855
591.jpg,0.647481762036132,28.0,0.9983229992849431,23.498560025126928,1.0163882736494543,0.3059549501896797
592.jpg,0.6005302156027295,20.0,0.9970908740069989,224.714386266664,1.016035436844959,0.44882130708705165
593.jpg,0.343141035370693,38.0,0.9987327357765111,158.16185739353512,1.0166753499161132,0.480870698694889
594.jpg,0.5388929290844482,28.0,0.9997487427551919,25.010216035196333,1.0166773159139666,0.3424913527202982
595.jpg,0.5112982769299061,36.0,0.9986068547545699,81.83493917520444,1.0165906287256803,0.42701297906285546
596.jpg,0.7058956070679705,16.0,0.9998120783644727,3.669772973811232,1.0157450011604396,0.2278667804347603
597.jpg,0.708704410758279,28.0,0.9994191201869758,2.5261382545619213,1.014154312907067,0.18528887295565832
598.jpg,0.7528818043135973,14.0,0.9999732638880483,1.0267225652109733,1.009706612382729,0.15257360786655177
599.jpg,0.6775869472971522,20.0,0.9984830034352868,173.82993844110746,1.0166109024115713,0.3103724833739319
600.jpg,,,,,,
601.jpg,0.5523913072539002,34.0,0.9988387626418561,92.21988080904417,1.0163511941786965,0.33584379098820866
602.jpg,0.5647262064258695,24.0,0.3058063817829973,187486.8298426731,0.41598191709522325,0.852885911231065
603.jpg,0.4742606017355859,32.0,0.012731511407901538,145866.7065997986,0.06459432350834504,0.9715564636305233
604.jpg,0.7129952871251034,36.0,0.9989767470334464,4.264350953360223,1.000520413661775,0.21690689748888786
605.jpg,0.44226160595792796,34.0,0.08472638573270462,1392050.030038152,0.25768492080487704,0.9499877592515069
606.jpg,0.6071599851663982,32.0,0.9993184542049662,20.797029908741468,1.0152765661408694,0.3481001714059787
607.jpg,0.41117609439222835,38.0,0.36423430847437055,132978.9169620034,0.6450241937507144,0.8634597481401718
608.jpg,0.18845857877233518,26.0,0.40949790251199686,347604.1471050121,0.9075177462018473,0.9030643064689715
609.jpg,0.602463281744483,30.0,0.9982208037180271,98.60359118860893,1.0159360834688869,0.38878868104922587
610.jpg,0.2531860249239957,32.0,0.08792457421184567,585581.4489161926,0.22875741696248042,0.9463778981635783
611.jpg,0.7874933700368147,20.0,0.9998207272651363,15.659003517540006,1.0099747858744195,0.26577877979583103
612.jpg,0.6793440358187661,28.0,0.9992305216309085,144.86669749006464,1.0165163811850562,0.2758724899344854
613.jpg,0.7402090397811204,36.0,0.9997212793877398,10.3870038181166,1.0014052289474193,0.2178807113422332
614.jpg,0.517612982919887,32.0,0.010090337368436578,255281.988476392,0.02181954867614877,0.9553116122217206
615.jpg,0.2343206028096179,36.0,0.1538580494730512,141738.05258635562,0.21672645627904785,0.9347504384836564
616.jpg,0.4140783361724751,32.0,0.0131026550447696,441456.5169628937,0.057789111926240366,0.9733158956140403
617.jpg,0.27962539199479824,30.0,0.20799656014864282,169381.35672484193,0.2820735458060426,0.9002612516741794
618.jpg,0.4588403043918785,26.0,0.34265603563306596,152618.40309476233,0.5929406385412221,0.8635801163224571
619.jpg,0.4893616907490528,34.0,0.9978782656118254,31.34015805530935,1.0165367323636474,0.49050305614465445
